id,product_name,buy_date,buy_price,gender,expiration_date,bought_id,sell_date,sell_price
1,Beef - Salted,9/12/2021,$18.89,Female,8/1/2021,0.2481812452,2/22/2022,$64.93
2,"Lamb - Leg, Boneless",1/14/2022,$9.87,Genderfluid,1/15/2022,0.9304962605,4/5/2022,$43.72
3,Dooleys Toffee,7/23/2021,$29.63,Male,9/4/2021,2.7996834291,12/3/2021,$42.49
4,Chick Peas - Canned,1/27/2022,$37.65,Male,2/12/2022,0.2658997098,2/24/2022,$28.48
5,Beef - Ground Medium,9/17/2021,$12.65,Male,6/15/2022,1.7554636656,3/10/2022,$29.61
6,Caviar - Salmon,4/23/2022,$67.59,Genderfluid,4/1/2022,2.417355679,2/19/2022,$32.41
7,Sesame Seed,7/6/2022,$40.39,Male,6/24/2022,0.2887689618,7/18/2022,$80.26
8,Pork - Shoulder,2/28/2022,$91.69,Male,11/5/2021,2.0563786484,9/1/2021,$81.36
9,Mix - Cocktail Strawberry Daiquiri,3/21/2022,$60.75,Female,12/11/2021,0.5737169009,12/18/2021,$38.83
10,Hummus - Spread,7/11/2022,$33.41,Male,6/1/2022,0.1696601744,3/23/2022,$50.41
11,Cheese - Goat With Herbs,1/2/2022,$16.46,Male,11/5/2021,0.8132219751,9/15/2021,$35.48
12,Buffalo - Tenderloin,8/20/2021,$76.55,Male,9/7/2021,0.2432178266,8/9/2021,$80.49
13,Macaroons - Homestyle Two Bit,8/11/2021,$74.16,Male,5/7/2022,0.0040123536,10/21/2021,$80.88
14,Wine - Delicato Merlot,10/10/2021,$5.01,Female,12/30/2021,1.3522926508,7/5/2022,$26.13
15,"Mop Head - Cotton, 24 Oz",10/24/2021,$91.74,Female,5/27/2022,0.3494042758,3/3/2022,$90.19
16,Beef - Striploin,5/16/2022,$31.89,Female,4/9/2022,0.0276617534,3/7/2022,$32.57
17,Pie Filling - Pumpkin,10/23/2021,$78.16,Male,2/4/2022,0.7645741896,9/16/2021,$58.41
18,Samosa - Veg,7/8/2022,$33.31,Polygender,11/17/2021,1.2991428606,1/16/2022,$73.04
19,Muffin Hinge - 211n,2/18/2022,$47.54,Genderfluid,7/10/2022,0.5347717999,1/17/2022,$60.78
20,Cake - Mini Cheesecake,9/8/2021,$43.05,Male,1/4/2022,1.3378667462,8/20/2021,$27.37
21,Wine - Rhine Riesling Wolf Blass,9/9/2021,$26.94,Male,4/26/2022,0.6248945502,6/29/2022,$31.75
22,Wine - White Cab Sauv.on,6/4/2022,$78.62,Male,12/7/2021,1.1713503506,6/21/2022,$91.95
23,Wine - Chablis J Moreau Et Fils,3/19/2022,$81.71,Male,6/29/2022,1.139150888,9/8/2021,$95.25
24,Hagen Daza - Dk Choocolate,6/25/2022,$56.54,Male,6/26/2022,0.0449326217,6/25/2022,$12.89
25,Creme De Menthe Green,9/25/2021,$98.61,Male,11/20/2021,0.2210591612,7/3/2022,$2.60
26,"Zucchini - Mini, Green",1/29/2022,$10.88,Polygender,11/6/2021,0.6601020176,2/1/2022,$51.15
27,Salad Dressing,2/22/2022,$91.57,Female,9/7/2021,0.4856248249,10/24/2021,$45.48
28,Dehydrated Kelp Kombo,10/20/2021,$68.65,Female,6/4/2022,0.0121283548,5/6/2022,$86.81
29,Soap - Hand Soap,5/7/2022,$11.20,Female,3/7/2022,0.0408148021,5/2/2022,$25.75
30,Syrup - Monin - Blue Curacao,10/29/2021,$86.54,Female,8/1/2021,2.2499029604,7/29/2021,$77.97
31,Chef Hat 20cm,3/30/2022,$50.31,Male,2/18/2022,2.1722575614,4/14/2022,$67.89
32,Pepper - Red Bell,7/16/2022,$17.10,Agender,2/5/2022,0.1636325226,9/13/2021,$13.61
33,Parsley Italian - Fresh,1/21/2022,$61.99,Male,5/27/2022,0.4275201493,12/23/2021,$37.24
34,Onion Powder,3/5/2022,$49.01,Male,11/7/2021,1.6706782456,12/17/2021,$5.23
35,Pasta - Orecchiette,12/17/2021,$17.49,Female,5/3/2022,3.3698367159,6/7/2022,$11.95
36,Wine - Placido Pinot Grigo,12/30/2021,$24.02,Male,7/11/2022,0.1178377463,3/13/2022,$1.92
37,"Pork - Loin, Center Cut",9/28/2021,$19.60,Male,5/1/2022,0.4882833856,5/15/2022,$16.17
38,Bread - Raisin,7/23/2021,$96.74,Bigender,6/21/2022,0.8341322026,3/19/2022,$63.66
39,Toamtoes 6x7 Select,5/27/2022,$22.24,Male,3/27/2022,0.6312876769,7/12/2022,$48.05
40,Lettuce - Belgian Endive,1/4/2022,$11.81,Male,10/26/2021,0.5937788684,8/23/2021,$27.79
41,Plastic Wrap,4/7/2022,$59.32,Male,7/16/2022,0.021457595,4/21/2022,$23.14
42,Meldea Green Tea Liquor,7/20/2022,$80.17,Male,6/4/2022,3.1697435346,9/6/2021,$60.60
43,Cinnamon - Ground,2/17/2022,$40.43,Female,1/4/2022,2.8843013786,1/10/2022,$62.38
44,Dr. Pepper - 355ml,7/8/2022,$68.54,Male,7/21/2022,0.8281580619,2/20/2022,$36.69
45,Tea - Herbal - 6 Asst,8/18/2021,$61.76,Male,6/30/2022,0.2733171295,5/20/2022,$22.66
46,Plasticspoonblack,7/5/2022,$33.56,Male,6/14/2022,1.2723929485,9/19/2021,$74.67
47,Bread - Olive,7/14/2022,$34.49,Non-binary,6/12/2022,0.2834201972,8/7/2021,$7.81
48,Container - Hngd Cll Blk 7x7x3,10/14/2021,$91.19,Male,10/2/2021,1.1694251452,12/30/2021,$32.24
49,Cheese Cloth No 100,10/2/2021,$6.81,Genderfluid,5/28/2022,1.1812274636,12/24/2021,$56.73
50,"Vermouth - White, Cinzano",12/15/2021,$88.53,Female,3/30/2022,0.2706938739,1/2/2022,$14.04
51,Potatoes - Pei 10 Oz,11/14/2021,$98.84,Male,9/28/2021,0.2823550192,1/4/2022,$92.35
52,"Nestea - Ice Tea, Diet",9/12/2021,$91.81,Female,3/6/2022,0.2615682914,11/9/2021,$12.04
53,Tea - Grapefruit Green Tea,2/15/2022,$19.69,Male,11/13/2021,1.3650789435,11/5/2021,$2.21
54,Cheese - Le Cheve Noir,11/13/2021,$61.55,Male,6/2/2022,0.6757913175,5/4/2022,$19.24
55,Flour - Teff,4/29/2022,$4.21,Male,10/14/2021,3.0896745445,9/25/2021,$81.44
56,Muffin Orange Individual,11/19/2021,$26.20,Male,2/26/2022,1.2768450517,9/24/2021,$61.92
57,Pike - Frozen Fillet,3/14/2022,$6.68,Male,10/11/2021,0.749260287,11/30/2021,$9.04
58,Chip - Potato Dill Pickle,1/17/2022,$65.96,Male,11/9/2021,3.4830520528,2/3/2022,$52.20
59,Table Cloth 53x53 White,6/23/2022,$54.33,Male,10/19/2021,1.8354825493,10/18/2021,$16.33
60,Table Cloth 53x53 White,3/6/2022,$29.33,Male,3/15/2022,0.2507031309,5/10/2022,$93.69
61,"Chestnuts - Whole,canned",4/8/2022,$48.36,Female,1/2/2022,0.7719705698,7/25/2021,$60.65
62,Pork Loin Bine - In Frenched,12/13/2021,$13.56,Female,9/17/2021,0.7765245241,4/23/2022,$81.76
63,Nestea - Iced Tea,5/5/2022,$23.48,Male,6/2/2022,1.6294439575,5/5/2022,$73.27
64,Jolt Cola,1/9/2022,$14.38,Female,6/16/2022,0.0333884103,10/3/2021,$45.98
65,Eggs - Extra Large,11/24/2021,$44.92,Female,7/23/2021,1.0575151425,7/3/2022,$45.29
66,Table Cloth 62x114 White,10/16/2021,$62.56,Female,7/23/2021,0.640887122,4/8/2022,$68.42
67,"Beans - Fava, Canned",10/20/2021,$65.88,Female,10/5/2021,0.7115289101,3/25/2022,$50.47
68,Cheese - Camembert,10/4/2021,$68.15,Male,10/20/2021,1.1086970939,3/10/2022,$61.52
69,"Bread - Roll, Whole Wheat",2/11/2022,$79.75,Female,11/11/2021,0.1893797952,10/2/2021,$72.90
70,Shrimp - Prawn,11/29/2021,$70.25,Male,1/5/2022,0.2360814573,12/5/2021,$19.22
71,Scallops - In Shell,4/25/2022,$8.79,Male,12/28/2021,0.1368182187,6/29/2022,$23.72
72,Butter - Unsalted,4/15/2022,$87.53,Male,2/16/2022,0.3434062639,7/4/2022,$66.12
73,Cheese - Gouda Smoked,8/23/2021,$32.11,Female,4/29/2022,1.9289431358,5/11/2022,$67.69
74,Danishes - Mini Raspberry,1/6/2022,$71.59,Female,2/13/2022,0.5665543327,12/13/2021,$34.87
75,Bar Mix - Lime,3/29/2022,$2.10,Male,6/16/2022,0.8662145777,1/4/2022,$96.15
76,"Pasta - Penne, Lisce, Dry",7/2/2022,$91.52,Male,5/15/2022,0.0576959865,3/13/2022,$79.86
77,Chocolate Bar - Oh Henry,6/25/2022,$73.08,Male,9/19/2021,0.5055371673,10/7/2021,$75.88
78,Snapple - Iced Tea Peach,8/5/2021,$22.73,Male,5/14/2022,0.9086426292,7/22/2022,$46.40
79,Chambord Royal,8/7/2021,$77.68,Female,12/17/2021,1.2539922178,3/14/2022,$17.99
80,Sobe - Orange Carrot,1/21/2022,$80.62,Female,12/26/2021,3.2279481957,10/20/2021,$53.15
81,Knife Plastic - White,2/22/2022,$12.99,Male,7/26/2021,0.5440128394,1/11/2022,$77.78
82,Bread - Hamburger Buns,12/12/2021,$3.04,Male,7/14/2022,0.722722122,12/16/2021,$21.85
83,French Pastry - Mini Chocolate,3/3/2022,$31.18,Male,7/16/2022,3.5737211548,2/24/2022,$59.39
84,Chick Peas - Dried,5/19/2022,$62.31,Male,9/15/2021,0.5666882462,5/26/2022,$81.08
85,Island Oasis - Strawberry,6/2/2022,$66.97,Non-binary,5/28/2022,0.7223194463,6/16/2022,$50.86
86,Tamarillo,4/7/2022,$33.79,Male,2/13/2022,2.3967196978,8/26/2021,$4.59
87,Sea Urchin,12/15/2021,$5.51,Male,11/17/2021,0.2364904503,8/30/2021,$35.63
88,Flower - Dish Garden,9/21/2021,$31.10,Female,3/6/2022,0.5570278205,12/18/2021,$82.05
89,Muffin Mix - Carrot,6/30/2022,$65.85,Male,8/14/2021,2.7592181622,1/16/2022,$67.30
90,Curry Powder Madras,4/25/2022,$65.18,Male,3/10/2022,0.0048801687,8/22/2021,$21.86
91,Oysters - Smoked,7/20/2022,$75.86,Male,12/30/2021,1.2828744687,8/7/2021,$14.42
92,Coffee - Decaffeinato Coffee,9/7/2021,$31.42,Male,11/23/2021,0.2593007694,11/15/2021,$59.70
93,Truffle Shells - White Chocolate,11/2/2021,$16.85,Female,9/2/2021,0.1621538873,4/1/2022,$9.93
94,Milk - Buttermilk,10/14/2021,$24.61,Bigender,8/15/2021,0.1328954951,7/27/2021,$35.52
95,Muffin - Zero Transfat,5/1/2022,$4.20,Male,8/8/2021,0.0446528991,7/23/2021,$61.42
96,Goat - Leg,6/5/2022,$28.37,Female,4/6/2022,0.9673568236,8/5/2021,$67.25
97,Currants,11/17/2021,$25.34,Male,4/22/2022,1.4917473629,6/22/2022,$92.34
98,Wine - Jackson Triggs Okonagan,2/19/2022,$12.26,Female,11/5/2021,0.0657935037,3/18/2022,$45.19
99,"Beef - Kindney, Whole",1/26/2022,$39.38,Male,3/17/2022,0.0780125725,5/31/2022,$67.92
100,Veal - Osso Bucco,1/11/2022,$74.96,Genderqueer,11/13/2021,0.0081579831,10/20/2021,$88.45
101,Potatoes - Idaho 100 Count,12/1/2021,$2.86,Male,12/16/2021,0.4324470062,7/25/2021,$53.17
102,Shrimp - Prawn,6/4/2022,$25.50,Female,9/25/2021,0.641898923,1/29/2022,$90.20
103,Pork - Belly Fresh,10/7/2021,$48.58,Female,6/14/2022,1.0411407705,4/13/2022,$62.01
104,Table Cloth 90x90 White,10/27/2021,$8.96,Male,3/18/2022,0.5041595233,5/17/2022,$71.21
105,Longos - Chicken Cordon Bleu,12/19/2021,$31.73,Male,1/16/2022,0.354192204,5/3/2022,$29.87
106,Wine - Penfolds Koonuga Hill,4/27/2022,$23.15,Female,8/14/2021,0.8958424158,4/3/2022,$43.30
107,"Cheese - Romano, Grated",7/9/2022,$46.02,Male,5/7/2022,1.0523812201,5/16/2022,$72.33
108,Flower - Commercial Bronze,12/23/2021,$1.21,Female,9/22/2021,1.2691263699,6/20/2022,$82.94
109,Wine - Cabernet Sauvignon,9/9/2021,$83.79,Male,12/11/2021,2.5559540783,12/19/2021,$53.04
110,"Wine - White, Gewurtzraminer",11/15/2021,$44.27,Bigender,5/6/2022,0.1129783952,3/1/2022,$15.03
111,"Sparkling Wine - Rose, Freixenet",8/16/2021,$41.33,Male,10/27/2021,0.073967882,10/1/2021,$30.52
112,Wine - Sawmill Creek Autumn,4/20/2022,$43.37,Non-binary,2/28/2022,0.241179208,3/24/2022,$17.72
113,Bread - Italian Corn Meal Poly,11/11/2021,$38.16,Male,4/15/2022,1.2282788414,10/30/2021,$74.59
114,Scampi Tail,9/27/2021,$64.01,Male,11/22/2021,0.4364885269,4/26/2022,$50.90
115,Kaffir Lime Leaves,7/12/2022,$58.41,Female,6/1/2022,3.1460471545,6/1/2022,$87.71
116,Shichimi Togarashi Peppeers,7/5/2022,$64.48,Male,10/28/2021,0.9944929145,12/20/2021,$33.44
117,Ham - Virginia,9/22/2021,$95.70,Female,11/26/2021,0.1536409278,1/29/2022,$93.07
118,Wonton Wrappers,4/19/2022,$36.84,Female,7/2/2022,0.3174359421,6/9/2022,$20.35
119,Arctic Char - Fillets,11/29/2021,$47.14,Female,1/25/2022,0.6341730853,12/10/2021,$99.81
120,Squash - Pepper,7/25/2021,$68.69,Male,1/9/2022,0.3983722314,10/24/2021,$99.35
121,Temperature Recording Station,12/1/2021,$1.78,Female,8/19/2021,5.8228841822,6/17/2022,$36.47
122,Initation Crab Meat,11/23/2021,$7.64,Female,5/30/2022,0.6023791096,8/26/2021,$39.50
123,Avocado,12/27/2021,$90.03,Male,8/24/2021,0.1327500181,10/23/2021,$64.57
124,Coffee - Ristretto Coffee Capsule,6/12/2022,$99.61,Female,6/26/2022,0.1529995055,4/10/2022,$49.15
125,Pepper - Orange,4/4/2022,$11.99,Female,2/12/2022,0.5008778194,3/8/2022,$93.88
126,Port - 74 Brights,6/17/2022,$66.12,Female,3/16/2022,0.7836393021,7/5/2022,$62.81
127,Uniform Linen Charge,4/10/2022,$95.42,Female,5/28/2022,0.3700921644,2/13/2022,$58.83
128,Ice Cream - Turtles Stick Bar,2/3/2022,$37.51,Female,5/9/2022,2.3365438413,5/27/2022,$66.95
129,Syrup - Kahlua Chocolate,4/27/2022,$95.39,Bigender,1/10/2022,0.5746937041,5/18/2022,$72.13
130,Onions - Vidalia,7/9/2022,$42.17,Male,4/17/2022,0.7265706256,6/29/2022,$17.90
131,Plasticspoonblack,3/12/2022,$66.36,Male,9/15/2021,2.376272541,10/16/2021,$15.36
132,Trout Rainbow Whole,12/30/2021,$5.52,Male,1/16/2022,0.2820599424,4/11/2022,$58.68
133,Sprouts - Brussel,5/11/2022,$95.54,Male,11/22/2021,0.6873925144,4/23/2022,$58.07
134,Cookie Dough - Oatmeal Rasin,11/23/2021,$98.22,Female,1/17/2022,0.8743658529,6/15/2022,$93.18
135,Pear - Asian,6/26/2022,$36.41,Female,11/9/2021,0.9243786505,8/13/2021,$68.41
136,Rum - Mount Gay Eclipes,6/13/2022,$26.69,Male,10/27/2021,0.4558183235,12/14/2021,$6.45
137,Carbonated Water - Peach,10/4/2021,$65.67,Female,4/20/2022,1.4101355872,7/25/2021,$49.94
138,Dr. Pepper - 355ml,11/30/2021,$70.60,Male,10/8/2021,0.7203940446,2/18/2022,$9.82
139,Wine - Vidal Icewine Magnotta,5/11/2022,$16.59,Male,4/3/2022,0.154645218,3/2/2022,$34.45
140,Rye Special Old,11/3/2021,$90.03,Female,2/27/2022,0.135262508,5/5/2022,$22.93
141,Rice - Sushi,1/20/2022,$13.72,Male,5/28/2022,0.9458417573,2/20/2022,$36.03
142,Asparagus - Mexican,7/17/2022,$98.88,Agender,5/27/2022,0.3685930985,2/20/2022,$29.44
143,Shichimi Togarashi Peppeers,12/10/2021,$64.37,Male,5/9/2022,0.5825805048,1/1/2022,$24.37
144,Tuna - Loin,1/12/2022,$57.56,Male,2/19/2022,0.0116742384,6/6/2022,$53.53
145,Syrup - Monin - Granny Smith,4/23/2022,$27.86,Female,1/31/2022,0.0435996653,8/16/2021,$93.58
146,Gatorade - Lemon Lime,12/29/2021,$42.85,Female,7/10/2022,0.0007702153,7/7/2022,$29.52
147,"Tortillas - Flour, 12",7/22/2022,$15.24,Male,3/12/2022,0.8497067926,5/27/2022,$44.62
148,Chicken Thigh - Bone Out,9/26/2021,$26.20,Male,8/15/2021,0.3407221367,10/14/2021,$45.49
149,Glaze - Apricot,9/6/2021,$37.87,Female,7/31/2021,0.2638362049,9/10/2021,$33.74
150,"Syrup - Golden, Lyles",9/17/2021,$94.35,Female,11/25/2021,0.2697248882,2/22/2022,$85.64
151,Vinegar - White,8/6/2021,$33.54,Genderfluid,11/6/2021,0.4540675787,4/2/2022,$60.65
152,Cheese - Swiss Sliced,4/7/2022,$50.80,Male,2/25/2022,0.9331183875,2/5/2022,$91.27
153,Snapple Lemon Tea,11/7/2021,$34.16,Male,1/7/2022,0.4249825366,1/14/2022,$59.41
154,"Napkin - Dinner, White",3/28/2022,$93.84,Female,8/2/2021,1.0954588567,1/6/2022,$58.64
155,The Pop Shoppe - Lime Rickey,12/13/2021,$86.65,Male,5/20/2022,0.1440312183,12/22/2021,$18.49
156,Sauce - Cranberry,4/23/2022,$24.96,Male,2/11/2022,1.7854664005,6/12/2022,$8.13
157,Pepsi - 600ml,4/15/2022,$84.39,Female,5/18/2022,0.2113914949,7/7/2022,$9.51
158,"Syrup - Monin, Swiss Choclate",9/14/2021,$62.45,Male,11/2/2021,0.2893327412,11/8/2021,$79.08
159,"Lid - 10,12,16 Oz",9/13/2021,$82.19,Male,9/2/2021,0.2019725898,11/9/2021,$10.16
160,Table Cloth 81x81 White,7/17/2022,$85.88,Male,5/19/2022,0.5930554973,7/16/2022,$31.09
161,Beef - Tender Tips,1/8/2022,$63.46,Male,7/2/2022,2.6205142587,9/15/2021,$58.29
162,Lamb - Whole Head Off,7/15/2022,$25.92,Female,4/17/2022,2.0753515276,3/6/2022,$44.21
163,Cheese - Wine,11/22/2021,$61.69,Male,5/30/2022,0.8425861154,6/19/2022,$14.73
164,Onions Granulated,5/14/2022,$57.11,Female,9/1/2021,0.6129415713,8/2/2021,$41.01
165,Sambuca Cream,9/3/2021,$35.07,Male,5/20/2022,1.2840574959,4/4/2022,$32.78
166,Peas Snow,4/18/2022,$80.84,Female,4/17/2022,1.7466890725,3/6/2022,$51.82
167,Table Cloth 91x91 Colour,12/25/2021,$84.62,Male,1/1/2022,0.1028602177,11/4/2021,$98.77
168,Beef - Salted,10/19/2021,$92.55,Male,6/1/2022,0.1890612191,2/2/2022,$36.08
169,Nantucket - Orange Mango Cktl,2/24/2022,$4.46,Male,9/23/2021,4.3487381611,11/17/2021,$23.84
170,Tofu - Soft,1/25/2022,$13.66,Male,8/7/2021,0.6070738121,6/11/2022,$69.88
171,Cheese - Gouda,6/4/2022,$80.98,Male,3/28/2022,0.4929388937,1/13/2022,$37.03
172,Cumin - Ground,8/26/2021,$48.62,Male,1/5/2022,0.4145620482,8/5/2021,$10.90
173,Lambcasing,3/15/2022,$50.75,Male,1/26/2022,0.1009477118,5/15/2022,$10.23
174,Wine - Lou Black Shiraz,11/13/2021,$91.42,Genderfluid,1/26/2022,2.5566680736,12/10/2021,$74.11
175,Wine - Vineland Estate Semi - Dry,2/7/2022,$65.17,Polygender,1/28/2022,1.0592233898,7/22/2022,$25.04
176,Flour - Strong,1/10/2022,$21.27,Male,3/11/2022,0.0621923569,8/17/2021,$0.33
177,Blueberries - Frozen,5/29/2022,$98.46,Male,8/15/2021,1.939355082,11/9/2021,$92.85
178,"Chilli Paste, Ginger Garlic",9/5/2021,$52.53,Male,12/2/2021,0.9254901551,12/8/2021,$76.22
179,Chicken Thigh - Bone Out,12/4/2021,$4.65,Male,3/31/2022,1.864326529,1/16/2022,$35.01
180,"Cheese - Romano, Grated",2/26/2022,$92.48,Male,5/3/2022,0.2432911577,11/10/2021,$87.16
181,Garlic - Peeled,12/21/2021,$12.07,Male,5/18/2022,0.4710148346,10/14/2021,$16.66
182,Wine - Peller Estates Late,9/19/2021,$39.79,Male,11/22/2021,0.6720701038,3/27/2022,$45.65
183,Cake - Mini Potato Pancake,10/5/2021,$19.26,Male,1/8/2022,0.4764962723,9/24/2021,$53.77
184,Appetizer - Mushroom Tart,5/20/2022,$80.55,Female,8/15/2021,0.6926341419,9/17/2021,$72.08
185,"Soup - Campbells, Cream Of",8/7/2021,$85.72,Male,1/20/2022,0.3886266771,6/18/2022,$8.10
186,Pork - Side Ribs,4/12/2022,$79.86,Male,3/15/2022,0.1962753729,1/8/2022,$34.97
187,"Basil - Dry, Rubbed",8/26/2021,$49.10,Female,8/20/2021,2.7369484527,3/20/2022,$42.66
188,"Appetizer - Spring Roll, Veg",9/17/2021,$27.88,Male,12/7/2021,1.7021349324,8/9/2021,$57.56
189,Wine - Vovray Sec Domaine Huet,5/4/2022,$40.03,Female,2/20/2022,1.8107385058,12/20/2021,$67.54
190,Muffin Mix - Blueberry,10/11/2021,$83.01,Female,4/21/2022,1.2364277837,4/4/2022,$30.37
191,Bread - Raisin Walnut Pull,9/30/2021,$76.00,Male,12/25/2021,0.0412682174,5/5/2022,$70.71
192,Barley - Pearl,5/17/2022,$47.25,Female,12/30/2021,0.6558216323,6/18/2022,$26.11
193,Flour - All Purpose,5/3/2022,$44.00,Female,12/3/2021,0.2083528712,12/2/2021,$12.87
194,Wine - Cotes Du Rhone Parallele,4/3/2022,$90.80,Male,9/19/2021,0.4779432434,12/8/2021,$32.28
195,Cup - Paper 10oz 92959,7/7/2022,$83.51,Female,5/14/2022,0.0018926423,8/27/2021,$36.69
196,"Beef - Tenderlion, Center Cut",12/6/2021,$63.90,Female,7/10/2022,1.6344638445,2/9/2022,$24.94
197,Soup Campbells Split Pea And Ham,12/25/2021,$2.72,Female,4/13/2022,0.317097882,1/22/2022,$56.60
198,Steampan Lid,1/13/2022,$22.45,Genderfluid,1/6/2022,0.9074309972,4/10/2022,$8.02
199,Container - Clear 16 Oz,8/11/2021,$43.36,Female,7/30/2021,1.0966050368,3/25/2022,$58.72
200,Coffee - Decafenated,8/7/2021,$81.00,Male,4/13/2022,2.1351067067,2/28/2022,$93.99
201,Buffalo - Short Rib Fresh,4/16/2022,$10.18,Male,11/10/2021,0.3864068101,8/8/2021,$1.42
202,Oil - Cooking Spray,3/12/2022,$77.71,Female,9/25/2021,0.4206104196,12/6/2021,$55.13
203,Vinegar - Sherry,3/28/2022,$0.13,Female,12/27/2021,2.2761987209,3/10/2022,$60.42
204,"Doilies - 8, Paper",1/3/2022,$34.43,Male,7/4/2022,0.8429772914,4/12/2022,$45.21
205,Lamb Leg - Bone - In Nz,2/21/2022,$61.48,Female,10/20/2021,3.0725967133,7/7/2022,$88.79
206,Hipnotiq Liquor,9/19/2021,$49.94,Male,1/25/2022,0.4132872064,11/16/2021,$95.00
207,Oil - Pumpkinseed,7/15/2022,$43.58,Male,9/25/2021,0.5681089237,12/22/2021,$21.42
208,Lettuce - Radicchio,12/15/2021,$74.55,Male,12/21/2021,0.3028381211,3/20/2022,$24.33
209,Cheese - Grie Des Champ,5/13/2022,$37.62,Female,4/8/2022,0.900100417,6/17/2022,$65.68
210,Swordfish Loin Portions,9/30/2021,$14.84,Male,4/26/2022,0.5506994914,5/23/2022,$0.05
211,"Beans - Black Bean, Canned",4/10/2022,$65.82,Male,12/5/2021,1.9675686457,2/22/2022,$85.61
212,Mikes Hard Lemonade,2/3/2022,$63.69,Male,6/19/2022,0.9353165201,6/22/2022,$53.23
213,Lettuce - Frisee,11/1/2021,$64.34,Female,1/6/2022,1.1375439721,10/26/2021,$18.44
214,Tea - Apple Green Tea,8/26/2021,$68.11,Male,7/6/2022,0.9934213218,9/25/2021,$17.99
215,Cheese - Gouda,6/9/2022,$80.78,Female,7/2/2022,0.7309351701,1/17/2022,$22.07
216,Wine - Zonnebloem Pinotage,12/17/2021,$57.68,Male,11/1/2021,2.807626777,7/6/2022,$9.96
217,Chips - Doritos,2/7/2022,$24.15,Bigender,9/30/2021,0.2729321937,4/15/2022,$51.16
218,Cheese - La Sauvagine,10/16/2021,$78.36,Male,9/7/2021,0.6158210215,6/29/2022,$9.27
219,Lettuce - Red Leaf,3/22/2022,$64.56,Female,7/8/2022,1.8951199361,11/12/2021,$53.63
220,Soup - Campbells Broccoli,8/20/2021,$29.00,Male,8/9/2021,0.9209422841,5/30/2022,$48.98
221,Langers - Ruby Red Grapfruit,9/21/2021,$52.19,Bigender,5/9/2022,0.9306132358,3/14/2022,$77.49
222,Lamb Tenderloin Nz Fr,3/2/2022,$0.42,Female,6/21/2022,0.2218266684,6/3/2022,$48.25
223,Steamers White,7/13/2022,$67.47,Male,10/30/2021,0.2071316473,2/3/2022,$64.29
224,Fish - Bones,12/8/2021,$29.88,Male,9/11/2021,2.221596002,6/17/2022,$97.66
225,Potatoes - Parissienne,7/17/2022,$16.33,Male,5/14/2022,0.7994504906,4/17/2022,$26.78
226,"Pasta - Gnocchi, Potato",8/8/2021,$96.48,Male,7/20/2022,0.923715493,6/3/2022,$4.58
227,Scallops - In Shell,6/14/2022,$87.27,Female,6/3/2022,0.2187947008,7/8/2022,$99.19
228,Glove - Cutting,6/7/2022,$23.62,Female,9/19/2021,3.5580546454,2/25/2022,$89.73
229,Bread - Pain Au Liat X12,4/19/2022,$45.34,Female,11/1/2021,0.6306532549,4/20/2022,$5.60
230,Cookie Dough - Peanut Butter,1/1/2022,$95.77,Female,11/12/2021,1.6380838665,1/22/2022,$68.52
231,"Beans - Kidney, Canned",9/15/2021,$73.86,Male,6/22/2022,1.4230773614,6/20/2022,$40.56
232,Wine - Two Oceans Cabernet,4/19/2022,$35.31,Agender,4/17/2022,0.1019373948,4/6/2022,$96.98
233,"Nut - Almond, Blanched, Ground",6/30/2022,$93.26,Female,12/20/2021,1.4610668846,2/24/2022,$6.62
234,Island Oasis - Peach Daiquiri,5/14/2022,$56.22,Female,11/16/2021,1.4200006755,2/1/2022,$56.68
235,Seabream Whole Farmed,10/7/2021,$51.48,Female,5/10/2022,1.0041720074,6/8/2022,$37.51
236,Tamarillo,11/9/2021,$74.42,Female,4/3/2022,0.0269151471,5/31/2022,$24.52
237,Bacardi Limon,1/14/2022,$41.56,Male,10/27/2021,0.8679149733,7/16/2022,$36.47
238,Beef Dry Aged Tenderloin Aaa,9/7/2021,$92.94,Male,2/2/2022,2.2946965975,2/12/2022,$54.34
239,"Pork - Chop, Frenched",11/24/2021,$23.22,Male,6/10/2022,0.471178225,10/25/2021,$81.92
240,Pastry - French Mini Assorted,3/26/2022,$75.08,Female,5/20/2022,0.2370531603,9/18/2021,$9.49
241,Kahlua,1/30/2022,$76.31,Genderfluid,9/28/2021,0.6548156662,10/26/2021,$18.24
242,"Syrup - Golden, Lyles",11/2/2021,$96.12,Female,3/12/2022,0.4151886093,5/16/2022,$1.90
243,Soup Campbells Split Pea And Ham,2/28/2022,$4.40,Female,10/12/2021,1.828580097,6/15/2022,$53.99
244,Squid Ink,7/25/2021,$89.79,Female,3/9/2022,0.7137955425,11/5/2021,$5.53
245,Bread - Focaccia Quarter,4/20/2022,$70.77,Female,7/8/2022,1.199196042,2/9/2022,$83.65
246,French Pastries,6/7/2022,$48.45,Female,3/19/2022,0.2874118233,7/29/2021,$80.84
247,Crackers - Soda / Saltins,9/25/2021,$5.97,Non-binary,5/4/2022,0.0318351469,11/25/2021,$97.57
248,Lobak,3/22/2022,$68.87,Female,4/29/2022,2.3303288922,10/21/2021,$1.49
249,Chocolate Bar - Reese Pieces,6/11/2022,$97.80,Male,3/18/2022,1.5001221399,8/15/2021,$7.69
250,"Veal - Brisket, Provimi,bnls",3/18/2022,$21.91,Female,7/12/2022,1.0610827746,4/9/2022,$47.36
251,Garam Masala Powder,8/30/2021,$33.49,Female,1/1/2022,0.2477092984,12/17/2021,$80.84
252,Yukon Jack,4/3/2022,$82.16,Female,9/10/2021,0.0051887676,1/28/2022,$90.64
253,Muffin Hinge 117n,3/7/2022,$69.50,Genderqueer,7/6/2022,0.2867224481,10/12/2021,$44.07
254,"Vodka - Lemon, Absolut",8/13/2021,$98.13,Male,8/14/2021,0.5996981217,7/2/2022,$19.64
255,Appetizer - Mango Chevre,1/13/2022,$8.25,Female,12/18/2021,0.5260917387,7/7/2022,$50.17
256,Wine - Zonnebloem Pinotage,1/3/2022,$67.23,Male,4/28/2022,1.2350435906,3/19/2022,$16.87
257,Pur Value,6/26/2022,$80.93,Male,10/19/2021,0.7653151508,2/17/2022,$10.80
258,Cocoa Butter,6/3/2022,$12.53,Male,5/22/2022,0.0155617675,8/11/2021,$81.96
259,Nestea - Iced Tea,4/29/2022,$84.21,Male,3/12/2022,0.2936271822,1/19/2022,$26.07
260,Syrup - Chocolate,11/12/2021,$68.62,Male,4/12/2022,0.253406949,5/12/2022,$87.11
261,Chocolate - White,9/29/2021,$94.60,Female,10/15/2021,0.3381719787,6/14/2022,$56.05
262,"Brownies - Two Bite, Chocolate",6/29/2022,$28.71,Female,5/10/2022,0.8562661756,11/10/2021,$75.08
263,Pea - Snow,8/5/2021,$24.43,Female,12/15/2021,0.8532517274,4/16/2022,$64.33
264,Vaccum Bag 10x13,4/6/2022,$21.20,Female,11/8/2021,0.4805180646,8/29/2021,$76.05
265,Potatoes - Pei 10 Oz,7/24/2021,$8.82,Female,8/11/2021,1.5796477466,5/12/2022,$81.95
266,Rolled Oats,8/11/2021,$88.04,Male,12/17/2021,2.8718485128,8/12/2021,$95.00
267,Sea Bass - Fillets,12/20/2021,$11.08,Female,11/10/2021,0.5567673966,10/13/2021,$84.87
268,Soup - Tomato Mush. Florentine,7/9/2022,$99.61,Male,10/4/2021,1.4000732028,4/25/2022,$74.05
269,Muffin Mix - Banana Nut,2/15/2022,$53.67,Female,10/8/2021,1.9698918081,6/8/2022,$13.67
270,"Artichokes - Knobless, White",11/30/2021,$9.24,Male,5/26/2022,4.2708081542,4/24/2022,$2.73
271,Schnappes Peppermint - Walker,7/16/2022,$60.67,Male,11/26/2021,0.4167010191,3/17/2022,$57.99
272,Shiratamako - Rice Flour,12/11/2021,$3.54,Female,9/3/2021,0.2338204568,5/2/2022,$57.41
273,"Pepper - Julienne, Frozen",3/1/2022,$59.17,Male,1/17/2022,2.6922526528,7/30/2021,$0.13
274,Cookie - Oreo 100x2,11/20/2021,$69.32,Male,1/6/2022,2.1416421996,10/31/2021,$43.58
275,Wine - Red Oakridge Merlot,12/30/2021,$92.46,Female,11/4/2021,0.1517083165,7/14/2022,$98.00
276,Eggwhite Frozen,3/30/2022,$30.97,Bigender,10/22/2021,0.9584454764,5/16/2022,$97.79
277,Sping Loaded Cup Dispenser,2/26/2022,$63.96,Female,7/29/2021,2.8926874331,4/7/2022,$91.08
278,Plastic Arrow Stir Stick,12/8/2021,$12.83,Female,10/10/2021,0.8276788581,7/4/2022,$17.19
279,Flower - Commercial Bronze,8/11/2021,$95.33,Female,12/5/2021,0.3957001604,5/18/2022,$93.67
280,Ham - Proscuitto,10/30/2021,$19.83,Female,11/22/2021,2.7784430719,2/16/2022,$68.02
281,Kellogs Special K Cereal,2/19/2022,$95.36,Male,12/29/2021,1.9392546032,6/14/2022,$79.33
282,Chocolate - Dark,7/6/2022,$86.49,Male,3/11/2022,2.0470895301,8/22/2021,$1.55
283,Mangoes,4/20/2022,$14.33,Male,1/23/2022,1.5167666417,10/4/2021,$51.65
284,Pepper - Cayenne,11/4/2021,$30.45,Female,6/8/2022,1.2048646308,10/11/2021,$96.87
285,Wine - George Duboeuf Rose,5/11/2022,$58.53,Female,11/14/2021,0.2129554103,12/21/2021,$5.32
286,"Mushroom - Oyster, Fresh",8/23/2021,$31.71,Female,10/13/2021,1.4743114329,11/14/2021,$56.12
287,"Beef - Tenderlion, Center Cut",4/8/2022,$79.81,Female,8/16/2021,0.4151949554,4/20/2022,$46.23
288,Longos - Grilled Salmon With Bbq,7/11/2022,$65.12,Male,5/27/2022,1.280482242,5/18/2022,$37.14
289,Oil - Shortening - All - Purpose,2/5/2022,$75.57,Female,5/14/2022,1.0028971019,12/2/2021,$31.23
290,Sugar - Monocystal / Rock,10/6/2021,$25.98,Male,8/4/2021,2.0395641821,10/30/2021,$8.79
291,Bar - Granola Trail Mix Fruit Nut,4/30/2022,$80.62,Female,7/18/2022,0.6976202313,3/20/2022,$97.10
292,Appetizer - Sausage Rolls,9/25/2021,$84.98,Male,11/2/2021,2.5244973468,11/8/2021,$28.83
293,Silicone Parch. 16.3x24.3,12/30/2021,$69.90,Female,2/14/2022,1.1779919217,1/13/2022,$40.26
294,Edible Flower - Mixed,5/11/2022,$11.83,Male,10/11/2021,3.24176807,9/3/2021,$64.49
295,Catfish - Fillets,4/2/2022,$84.27,Male,7/20/2022,1.4664269887,8/16/2021,$5.99
296,Papadam,12/11/2021,$19.00,Female,11/6/2021,0.7595499709,2/15/2022,$70.97
297,"Liqueur Banana, Ramazzotti",8/25/2021,$45.08,Female,12/15/2021,0.1103448344,5/4/2022,$28.01
298,"Syrup - Monin, Swiss Choclate",7/15/2022,$15.43,Female,3/16/2022,1.4084317361,7/13/2022,$73.71
299,Wine - Toasted Head,10/24/2021,$51.34,Non-binary,7/9/2022,0.2244487703,12/22/2021,$53.37
300,Corn Syrup,12/25/2021,$32.21,Female,9/3/2021,0.6236484044,1/6/2022,$67.59
301,"Pepper - Black, Ground",6/4/2022,$68.80,Polygender,11/18/2021,0.1219865345,9/18/2021,$36.99
302,"Bread - Pumpernickle, Rounds",9/21/2021,$97.72,Female,1/8/2022,0.6417739641,5/24/2022,$75.02
303,Cake - Night And Day Choclate,8/20/2021,$74.55,Female,11/2/2021,0.1280428353,9/1/2021,$52.82
304,Cheese - Brick With Onion,7/15/2022,$4.88,Non-binary,6/29/2022,0.7668046578,1/26/2022,$15.26
305,Ecolab - Medallion,7/11/2022,$2.42,Male,12/10/2021,0.3974644148,8/8/2021,$89.17
306,Frangelico,11/19/2021,$18.49,Female,10/18/2021,1.0891281524,6/22/2022,$74.66
307,Arizona - Plum Green Tea,1/7/2022,$42.94,Female,6/27/2022,1.7984036671,4/23/2022,$2.73
308,Yoplait - Strawbrasp Peac,7/16/2022,$29.36,Female,5/26/2022,0.4500430855,12/15/2021,$9.90
309,"Soup - Knorr, Ministrone",4/23/2022,$18.85,Female,4/2/2022,0.2737313458,5/30/2022,$18.53
310,Bread - Pita,2/12/2022,$42.72,Female,8/23/2021,2.7329988707,6/19/2022,$58.86
311,Gatorade - Cool Blue Raspberry,6/20/2022,$26.69,Female,5/26/2022,3.0586893094,7/12/2022,$61.81
312,Papadam,11/27/2021,$47.52,Female,2/7/2022,0.236041064,1/8/2022,$32.74
313,Flour - Fast / Rapid,6/2/2022,$2.58,Male,9/5/2021,1.4646174776,7/14/2022,$85.94
314,Lettuce - Green Leaf,12/6/2021,$6.34,Agender,9/29/2021,0.2110359191,12/21/2021,$45.10
315,Papayas,9/3/2021,$64.70,Male,9/23/2021,0.6228582931,11/1/2021,$76.28
316,Pomello,12/15/2021,$88.36,Male,3/19/2022,1.0986832354,11/9/2021,$97.96
317,Swiss Chard,2/24/2022,$72.77,Female,5/9/2022,1.3841180477,12/29/2021,$95.97
318,Burger Veggie,12/31/2021,$38.31,Male,7/11/2022,1.3199751024,4/8/2022,$4.29
319,Sauce - Cranberry,4/27/2022,$40.66,Male,2/26/2022,1.0846341872,10/15/2021,$81.66
320,Muffin Mix - Carrot,8/13/2021,$39.54,Male,1/31/2022,2.2017131012,11/14/2021,$7.02
321,Pastry - Choclate Baked,9/25/2021,$37.93,Female,3/7/2022,0.2999319299,6/28/2022,$49.10
322,Radish - Pickled,9/11/2021,$29.08,Male,5/2/2022,0.8443565935,8/6/2021,$33.76
323,Corn Shoots,11/19/2021,$37.02,Male,11/5/2021,1.672192293,3/12/2022,$36.23
324,Chicken - Wieners,6/29/2022,$90.67,Male,2/2/2022,0.7637002375,3/23/2022,$19.61
325,Tomatoes - Cherry,9/19/2021,$95.63,Female,9/23/2021,1.3225967727,4/22/2022,$50.90
326,Gelatine Leaves - Bulk,7/21/2022,$2.94,Female,1/5/2022,0.7840376813,11/17/2021,$43.83
327,Wine - Jackson Triggs Okonagan,10/30/2021,$99.39,Male,10/15/2021,0.3977636684,4/23/2022,$67.49
328,Whmis Spray Bottle Graduated,11/7/2021,$37.55,Agender,9/12/2021,1.4723133224,9/21/2021,$75.35
329,Cake - Night And Day Choclate,4/3/2022,$66.85,Male,7/24/2021,0.568415712,10/24/2021,$70.76
330,"Tart Shells - Savory, 2",6/7/2022,$31.47,Female,8/4/2021,1.2174444535,3/22/2022,$74.44
331,Table Cloth 53x69 White,2/26/2022,$59.19,Male,8/23/2021,1.2547714661,1/4/2022,$13.89
332,Browning Caramel Glace,5/26/2022,$81.04,Female,9/22/2021,0.1508243074,3/27/2022,$73.09
333,Soup - Campbells Chicken,8/19/2021,$32.72,Male,11/15/2021,0.524383885,2/5/2022,$73.63
334,Oyster - In Shell,2/15/2022,$59.67,Female,10/29/2021,1.2652892362,10/22/2021,$6.56
335,"Doilies - 12, Paper",10/4/2021,$61.58,Female,8/21/2021,2.1244292271,4/22/2022,$61.47
336,Pepper - Green Thai,7/26/2021,$30.37,Male,7/12/2022,0.1760588772,11/10/2021,$78.35
337,Muffin - Bran Ind Wrpd,9/4/2021,$80.91,Female,6/14/2022,1.1211505092,2/20/2022,$41.75
338,"Coffee - Colombian, Portioned",3/11/2022,$57.30,Male,2/14/2022,0.2156725647,11/20/2021,$40.96
339,"Beef - Rib Roast, Cap On",1/22/2022,$54.08,Female,6/30/2022,3.1733160517,6/29/2022,$8.51
340,Isomalt,6/1/2022,$6.89,Male,12/16/2021,2.9638673791,4/20/2022,$44.56
341,"Salsify, Organic",9/26/2021,$18.90,Female,3/22/2022,0.3633016482,11/8/2021,$9.52
342,Mushroom - Porcini Frozen,1/12/2022,$74.45,Male,7/13/2022,1.9861451313,2/1/2022,$50.49
343,Bread - Assorted Rolls,9/30/2021,$85.83,Male,8/15/2021,0.9199074126,6/9/2022,$9.73
344,Pepper - Cayenne,7/3/2022,$91.07,Female,2/6/2022,0.3589786189,6/4/2022,$98.19
345,Tofu - Soft,4/25/2022,$95.65,Female,8/28/2021,0.2292810611,12/14/2021,$36.49
346,Sprouts - Onion,2/7/2022,$68.68,Female,10/7/2021,2.6844448478,7/1/2022,$16.68
347,Tea - English Breakfast,7/13/2022,$98.40,Male,5/13/2022,0.0162765136,9/2/2021,$48.87
348,Tea - Herbal I Love Lemon,3/14/2022,$89.19,Female,5/21/2022,1.15388184,9/14/2021,$77.04
349,"Beans - Turtle, Black, Dry",4/16/2022,$75.63,Male,7/12/2022,0.8001422485,3/16/2022,$15.40
350,Ham - Cooked,11/30/2021,$25.34,Female,5/28/2022,0.317051749,5/17/2022,$77.39
351,Yogurt - Assorted Pack,12/28/2021,$24.63,Female,3/31/2022,1.4565491726,4/1/2022,$63.68
352,"Pasta - Bauletti, Chicken White",2/18/2022,$94.90,Male,6/9/2022,1.0253893395,3/10/2022,$45.94
353,Nantucket - Kiwi Berry Cktl.,1/15/2022,$90.01,Female,5/5/2022,2.854437068,2/25/2022,$20.34
354,Milk - 2%,7/14/2022,$92.71,Male,8/28/2021,0.0982451387,12/15/2021,$96.08
355,Kiwi,10/6/2021,$44.59,Female,6/27/2022,0.9412999642,12/24/2021,$85.99
356,Tea - Jasmin Green,1/2/2022,$80.05,Female,4/16/2022,1.8374451878,10/24/2021,$85.53
357,Corn Meal,6/8/2022,$60.51,Male,6/20/2022,0.6858445583,5/26/2022,$17.40
358,Clam Nectar,3/18/2022,$77.51,Female,10/10/2021,0.1093630357,4/8/2022,$1.18
359,Scallops - 20/30,9/22/2021,$8.19,Male,10/13/2021,1.0142412152,1/19/2022,$60.56
360,Munchies Honey Sweet Trail Mix,8/23/2021,$41.29,Male,1/3/2022,2.3921587069,10/10/2021,$58.39
361,"Pepper - Chipotle, Canned",3/26/2022,$32.69,Female,10/18/2021,1.629466572,8/10/2021,$68.60
362,Lamb - Loin Chops,3/9/2022,$32.56,Male,11/8/2021,1.152076626,7/31/2021,$30.04
363,"Lamb - Shoulder, Boneless",7/25/2021,$42.70,Agender,3/18/2022,0.2170144253,1/3/2022,$98.95
364,Pastry - Plain Baked Croissant,6/27/2022,$6.53,Female,6/9/2022,1.0122709259,3/26/2022,$1.65
365,"Clams - Littleneck, Whole",2/10/2022,$46.47,Genderqueer,12/8/2021,0.2563224579,1/24/2022,$15.54
366,Bread - Burger,10/13/2021,$97.41,Male,4/20/2022,0.4307365846,12/4/2021,$33.07
367,Sole - Iqf,5/13/2022,$42.39,Male,7/15/2022,1.6723551886,7/31/2021,$56.26
368,"Crush - Orange, 355ml",8/25/2021,$59.39,Male,2/1/2022,0.7844457415,3/6/2022,$47.01
369,"Veal - Inside, Choice",9/20/2021,$93.26,Male,11/6/2021,0.4013175349,7/9/2022,$43.52
370,"Pork - Loin, Center Cut",7/4/2022,$73.09,Male,3/4/2022,0.0458833576,2/26/2022,$51.12
371,Nantucket Orange Juice,8/15/2021,$66.63,Male,3/15/2022,0.1297487924,11/27/2021,$91.49
372,"Brownies - Two Bite, Chocolate",10/12/2021,$36.91,Male,1/2/2022,0.2551510161,6/5/2022,$69.33
373,Juice - Ocean Spray Cranberry,3/2/2022,$15.42,Genderfluid,2/11/2022,1.5788011925,2/16/2022,$84.63
374,Oranges,6/14/2022,$2.32,Male,3/5/2022,0.1895589526,5/31/2022,$5.66
375,Wine - Piper Heidsieck Brut,4/29/2022,$34.93,Male,6/21/2022,0.3149293806,4/25/2022,$69.54
376,Wine - Cave Springs Dry Riesling,5/5/2022,$47.81,Female,5/15/2022,1.2795682878,8/7/2021,$38.84
377,Ham - Proscuitto,8/24/2021,$98.24,Male,10/27/2021,1.0827769332,7/28/2021,$42.54
378,Bagel - Everything,8/29/2021,$52.88,Female,1/12/2022,3.2842275272,5/23/2022,$20.42
379,Wine - Kwv Chenin Blanc South,7/12/2022,$43.75,Male,2/19/2022,0.4564924824,11/27/2021,$34.51
380,Lettuce - Red Leaf,2/25/2022,$78.48,Male,1/17/2022,1.8330733222,7/10/2022,$57.57
381,Wine - Wyndham Estate Bin 777,11/22/2021,$56.84,Female,11/28/2021,0.7292936008,11/10/2021,$37.24
382,"Nut - Pine Nuts, Whole",7/13/2022,$59.84,Polygender,2/3/2022,0.8685790795,8/23/2021,$97.79
383,Pastry - Baked Scones - Mini,9/5/2021,$16.94,Male,11/24/2021,3.1602202999,5/6/2022,$46.01
384,Wine - Fontanafredda Barolo,10/21/2021,$98.51,Male,5/6/2022,1.5556702626,6/20/2022,$30.00
385,Mudslide,3/31/2022,$50.83,Female,8/24/2021,1.2056725421,10/20/2021,$86.66
386,Piping - Bags Quizna,8/12/2021,$91.69,Bigender,3/21/2022,3.3815713072,5/9/2022,$82.12
387,"Quail - Whole, Boneless",2/27/2022,$59.34,Male,1/3/2022,1.9625013591,2/28/2022,$95.39
388,Crush - Cream Soda,4/30/2022,$50.08,Male,11/22/2021,3.9262911676,7/26/2021,$78.32
389,Dr. Pepper - 355ml,2/12/2022,$69.75,Male,7/12/2022,0.9141720447,6/20/2022,$52.01
390,Wine - Peller Estates Late,7/16/2022,$79.40,Genderfluid,8/21/2021,1.5589617343,10/21/2021,$89.31
391,Pernod,4/22/2022,$70.13,Male,5/16/2022,1.7281662985,9/16/2021,$27.65
392,Glaze - Apricot,1/28/2022,$94.13,Female,1/21/2022,0.4183325997,12/27/2021,$88.23
393,Squeeze Bottle,1/3/2022,$59.65,Agender,2/18/2022,1.6863501932,10/1/2021,$46.69
394,Arrowroot,4/6/2022,$23.59,Male,11/6/2021,2.113150277,2/7/2022,$92.46
395,Lighter - Bbq,8/7/2021,$75.99,Male,5/28/2022,0.020464093,11/16/2021,$43.28
396,Wine - Port Late Bottled Vintage,5/31/2022,$8.33,Male,7/29/2021,1.8579968017,4/6/2022,$66.74
397,Bandage - Flexible Neon,10/25/2021,$69.68,Female,2/6/2022,0.6551933941,9/21/2021,$62.40
398,"Wine - White, Ej",12/26/2021,$55.62,Male,5/23/2022,0.4814191754,10/25/2021,$24.60
399,Grenadine,6/23/2022,$96.60,Male,2/25/2022,0.7886879138,1/8/2022,$84.96
400,Lettuce - Boston Bib,4/26/2022,$95.45,Female,9/10/2021,0.4533497672,1/10/2022,$84.75
401,Chickhen - Chicken Phyllo,3/12/2022,$44.64,Female,11/11/2021,1.323296969,9/13/2021,$78.71
402,Port - 74 Brights,2/26/2022,$14.87,Female,3/22/2022,2.2001984725,8/3/2021,$97.89
403,"Stock - Beef, White",9/12/2021,$10.88,Female,11/8/2021,0.187734316,3/14/2022,$20.46
404,Beef - Ox Tongue,12/17/2021,$33.82,Male,10/23/2021,0.2199222928,8/7/2021,$23.47
405,Cheese - Bocconcini,3/26/2022,$88.23,Male,3/15/2022,0.2012320679,2/21/2022,$20.02
406,Cookies - Fortune,3/14/2022,$66.76,Male,11/4/2021,1.7834235987,10/4/2021,$18.26
407,"Onions - Dried, Chopped",8/29/2021,$88.83,Male,1/24/2022,0.8638055646,2/15/2022,$1.37
408,Beer - Sleeman Fine Porter,5/24/2022,$82.85,Male,1/1/2022,0.0082052478,1/22/2022,$10.15
409,White Baguette,2/22/2022,$82.75,Female,2/2/2022,0.8651954707,5/4/2022,$16.89
410,Tumeric,2/4/2022,$76.11,Female,5/13/2022,1.1948508416,9/8/2021,$47.17
411,Salt And Pepper Mix - White,2/7/2022,$21.25,Female,6/12/2022,0.4815562636,12/6/2021,$87.03
412,Flour - Masa De Harina Mexican,12/15/2021,$58.78,Female,4/11/2022,0.4155763325,9/30/2021,$10.40
413,Sugar - Crumb,10/1/2021,$65.29,Female,3/22/2022,0.0529244484,7/6/2022,$37.12
414,Energy Drink Bawls,7/8/2022,$14.46,Polygender,7/12/2022,0.800153726,7/25/2021,$28.18
415,"Trout - Rainbow, Fresh",10/25/2021,$56.68,Female,5/14/2022,0.4400778784,5/17/2022,$19.01
416,Flower - Commercial Spider,4/14/2022,$56.21,Female,4/20/2022,1.8776543369,2/19/2022,$36.59
417,Steel Wool S.o.s,7/28/2021,$23.09,Female,5/13/2022,0.3713490807,7/23/2021,$63.75
418,Island Oasis - Cappucino Mix,2/28/2022,$79.95,Male,6/22/2022,0.0013642988,11/15/2021,$25.54
419,"Stock - Veal, Brown",3/24/2022,$85.36,Female,9/10/2021,2.1737575931,11/10/2021,$46.06
420,Vaccum Bag - 14x20,9/7/2021,$80.76,Female,5/26/2022,0.1420693681,8/10/2021,$87.16
421,"Wine - Saint - Bris 2002, Sauv",10/29/2021,$3.29,Male,10/8/2021,0.3293779471,12/3/2021,$64.96
422,Ice Cream - Strawberry,7/12/2022,$23.25,Non-binary,4/27/2022,0.638971575,8/25/2021,$76.27
423,Dried Figs,5/20/2022,$61.16,Male,8/25/2021,0.3174091589,7/21/2022,$24.56
424,"Lamb - Racks, Frenched",10/11/2021,$53.81,Female,1/25/2022,1.1283454188,4/21/2022,$91.87
425,Potatoes - Yukon Gold 5 Oz,2/1/2022,$38.03,Female,4/18/2022,0.4426302499,10/15/2021,$87.81
426,"Chicken - Base, Ultimate",7/31/2021,$5.80,Female,9/5/2021,0.8463520105,1/9/2022,$82.85
427,Beef - Montreal Smoked Brisket,9/6/2021,$1.44,Male,7/24/2021,0.0924355032,5/16/2022,$75.31
428,Pur Value,8/7/2021,$5.54,Female,7/13/2022,4.6992358917,6/17/2022,$63.59
429,Beans - French,1/17/2022,$75.98,Male,8/6/2021,0.6943022248,11/14/2021,$79.82
430,"Salsify, Organic",11/4/2021,$98.24,Male,10/17/2021,1.5439351,12/1/2021,$84.34
431,Sour Puss - Tangerine,7/18/2022,$29.57,Female,12/24/2021,1.6678083264,9/19/2021,$93.97
432,Langers - Mango Nectar,7/6/2022,$5.78,Male,4/9/2022,0.4762400092,3/27/2022,$92.15
433,Puree - Guava,10/21/2021,$31.01,Female,1/28/2022,0.1019931607,7/27/2021,$34.23
434,Cassis,10/24/2021,$70.58,Bigender,6/12/2022,0.1829315821,5/30/2022,$22.31
435,Cup - Translucent 7 Oz Clear,6/18/2022,$66.59,Bigender,9/24/2021,1.1262907518,8/20/2021,$21.10
436,Canada Dry,8/5/2021,$48.48,Male,2/15/2022,0.6320352495,6/13/2022,$47.91
437,Bread - Mini Hamburger Bun,7/26/2021,$54.08,Female,11/16/2021,1.9780509287,10/5/2021,$8.80
438,Coffee - 10oz Cup 92961,2/6/2022,$92.54,Bigender,7/8/2022,2.458528021,2/3/2022,$20.59
439,Sauce Bbq Smokey,12/7/2021,$4.66,Female,4/23/2022,1.2674956913,9/25/2021,$71.93
440,Soup - Chicken And Wild Rice,3/17/2022,$89.24,Genderfluid,5/26/2022,0.4792857238,7/25/2021,$56.53
441,Jicama,12/31/2021,$72.21,Female,7/14/2022,0.0994549798,6/8/2022,$45.61
442,Cognac - Courvaisier,3/23/2022,$50.03,Female,1/21/2022,0.2706774517,7/18/2022,$71.12
443,"Roe - Lump Fish, Red",1/30/2022,$6.76,Male,7/30/2021,0.0957745719,2/9/2022,$58.73
444,Dikon,10/7/2021,$92.42,Male,11/24/2021,0.1393357481,12/2/2021,$38.62
445,Fiddlehead - Frozen,10/29/2021,$76.76,Male,1/27/2022,1.0257125613,12/26/2021,$80.43
446,Soup - French Can Pea,7/16/2022,$88.53,Female,8/11/2021,1.4728130781,2/9/2022,$14.42
447,Dooleys Toffee,5/13/2022,$20.52,Male,1/31/2022,0.3812750546,11/27/2021,$46.41
448,Wine - Malbec Trapiche Reserve,8/2/2021,$40.31,Male,5/26/2022,0.4635569951,5/14/2022,$22.21
449,Cheese - Taleggio D.o.p.,5/17/2022,$67.09,Female,10/3/2021,2.0353272811,11/14/2021,$58.48
450,Soup Campbells - Italian Wedding,7/17/2022,$98.38,Polygender,6/22/2022,1.2745245331,5/12/2022,$14.42
451,Lime Cordial - Roses,7/15/2022,$63.82,Female,1/3/2022,0.3423527511,1/25/2022,$89.40
452,"Wine - Red, Metus Rose",6/4/2022,$47.43,Agender,2/13/2022,1.7770852466,3/4/2022,$49.56
453,Longos - Penne With Pesto,10/18/2021,$92.47,Male,7/15/2022,0.6842995237,12/22/2021,$96.25
454,Daikon Radish,8/5/2021,$16.59,Male,8/10/2021,1.9678350958,8/20/2021,$78.61
455,Island Oasis - Ice Cream Mix,3/6/2022,$1.85,Male,2/14/2022,0.9038731949,9/11/2021,$54.75
456,Wine - Sawmill Creek Autumn,11/20/2021,$75.70,Female,6/5/2022,0.1474868256,6/4/2022,$36.75
457,Shrimp - 100 / 200 Cold Water,7/8/2022,$44.19,Male,8/30/2021,0.6017725965,1/15/2022,$82.71
458,Nantucket Apple Juice,7/10/2022,$97.28,Male,11/26/2021,0.9310581355,9/13/2021,$22.91
459,Pastry - French Mini Assorted,12/30/2021,$68.01,Female,10/23/2021,0.1358236711,8/29/2021,$9.98
460,Tomatoes - Heirloom,6/25/2022,$95.58,Female,1/24/2022,0.6932837731,4/23/2022,$5.08
461,Iced Tea Concentrate,5/19/2022,$92.66,Male,10/11/2021,0.383271997,4/6/2022,$0.94
462,"Nut - Walnut, Chopped",4/19/2022,$54.54,Female,9/30/2021,1.5581349389,12/26/2021,$45.81
463,Sauce - Plum,2/19/2022,$60.25,Female,9/9/2021,0.2587160743,8/8/2021,$13.64
464,Tea - English Breakfast,12/19/2021,$44.91,Female,11/4/2021,4.2326041735,2/26/2022,$15.78
465,Cheese - Brick With Pepper,1/13/2022,$50.62,Female,2/16/2022,0.6101166089,11/23/2021,$86.29
466,Venison - Racks Frenched,2/9/2022,$87.27,Male,4/25/2022,0.9710708045,6/3/2022,$15.84
467,Cognac - Courvaisier,12/10/2021,$11.95,Male,7/19/2022,0.8967552478,7/26/2021,$76.80
468,"Salmon - Atlantic, Skin On",3/1/2022,$20.63,Male,11/11/2021,1.3165643365,11/19/2021,$18.96
469,Bandage - Fexible 1x3,10/18/2021,$66.89,Female,4/25/2022,0.3716403995,8/12/2021,$19.56
470,"Wine - Red, Wolf Blass, Yellow",7/29/2021,$77.83,Female,8/24/2021,3.5890182909,9/10/2021,$97.30
471,Oil - Sunflower,3/22/2022,$22.78,Female,8/28/2021,1.6510785959,1/18/2022,$45.39
472,Oysters - Smoked,7/30/2021,$91.58,Female,1/12/2022,0.9036466422,1/3/2022,$17.25
473,"Soup - Knorr, French Onion",7/28/2021,$4.20,Female,1/21/2022,0.2206279747,1/16/2022,$79.76
474,Coconut - Whole,11/12/2021,$94.95,Female,12/26/2021,0.6554598558,10/26/2021,$14.14
475,"Yogurt - Peach, 175 Gr",1/22/2022,$98.02,Male,11/23/2021,0.0855334363,3/31/2022,$67.01
476,Lettuce - Green Leaf,8/17/2021,$70.72,Male,1/4/2022,0.0940761884,6/30/2022,$69.65
477,Wine - Chardonnay South,12/23/2021,$23.85,Male,1/14/2022,3.492463088,3/14/2022,$5.31
478,Bread - Multigrain,2/28/2022,$41.27,Male,10/27/2021,0.3625006323,6/8/2022,$0.41
479,Bread - Dark Rye,4/20/2022,$71.53,Female,6/1/2022,1.6862602178,2/11/2022,$93.50
480,Flavouring - Raspberry,1/4/2022,$74.47,Genderqueer,1/7/2022,1.2713947834,3/9/2022,$95.44
481,Chocolate - Feathers,8/5/2021,$44.60,Female,9/19/2021,0.0383703611,8/17/2021,$83.25
482,Mace,4/5/2022,$73.57,Male,7/20/2022,1.5673904415,12/9/2021,$91.08
483,Butter - Pod,7/14/2022,$44.26,Genderqueer,2/22/2022,1.9385736398,3/27/2022,$40.39
484,Mayonnaise - Individual Pkg,3/9/2022,$80.91,Male,3/23/2022,0.0299112062,9/28/2021,$35.82
485,"Beans - Black Bean, Dry",1/23/2022,$56.48,Bigender,7/6/2022,0.632471628,10/1/2021,$83.05
486,Tomatoes - Cherry,7/22/2022,$79.79,Male,1/3/2022,0.0929468494,1/22/2022,$17.01
487,Alize Gold Passion,7/16/2022,$96.42,Female,9/20/2021,2.0664583326,4/18/2022,$93.03
488,Lychee,1/9/2022,$64.18,Female,3/16/2022,1.1010636042,6/21/2022,$70.02
489,"Turkey - Breast, Double",10/24/2021,$14.88,Male,12/23/2021,0.9965069473,3/6/2022,$76.53
490,Pancetta,6/17/2022,$61.94,Female,3/18/2022,0.3933604703,11/21/2021,$46.92
491,Carbonated Water - Raspberry,10/14/2021,$83.24,Male,10/7/2021,0.3288739459,9/18/2021,$20.38
492,Muffin Mix - Blueberry,7/23/2021,$17.87,Male,7/30/2021,0.1125695288,12/16/2021,$40.60
493,"Pepper - Julienne, Frozen",11/7/2021,$38.99,Female,5/8/2022,0.4069560379,6/14/2022,$38.98
494,Tea - Apple Green Tea,8/18/2021,$5.41,Genderqueer,6/19/2022,2.3086543194,7/27/2021,$5.16
495,Tart - Lemon,12/13/2021,$15.47,Male,12/15/2021,0.7100747942,12/26/2021,$32.25
496,Pear - Halves,2/24/2022,$73.20,Female,6/10/2022,1.6852730208,4/29/2022,$43.35
497,Samosa - Veg,8/12/2021,$81.11,Female,12/6/2021,0.1592330914,10/24/2021,$17.70
498,Lid Coffeecup 12oz D9542b,3/4/2022,$97.20,Female,8/5/2021,1.6292567534,6/3/2022,$57.27
499,Coffee - Dark Roast,6/14/2022,$49.48,Female,2/13/2022,0.662738355,12/18/2021,$13.73
500,"Lamb - Shoulder, Boneless",5/20/2022,$92.01,Male,6/4/2022,1.5568214356,10/1/2021,$46.25
501,Mushroom - Lg - Cello,9/7/2021,$69.81,Female,12/27/2021,1.5096972568,7/24/2021,$19.94
502,"Pepsi - Diet, 355 Ml",9/26/2021,$48.84,Male,11/23/2021,1.5359337523,2/23/2022,$61.00
503,Wine - Rhine Riesling Wolf Blass,7/11/2022,$50.25,Male,11/30/2021,0.6609322593,7/8/2022,$17.75
504,Sugar - Icing,7/19/2022,$51.37,Female,6/12/2022,0.5225067205,12/31/2021,$33.04
505,"Nut - Walnut, Pieces",5/5/2022,$89.31,Male,9/10/2021,0.6759058246,4/10/2022,$1.58
506,Container - Hngd Cll Blk 7x7x3,6/6/2022,$95.88,Male,3/30/2022,0.067261417,4/19/2022,$39.50
507,Calypso - Pineapple Passion,4/30/2022,$97.52,Female,7/14/2022,0.3707770944,6/24/2022,$78.53
508,Ice Cream - Life Savers,9/27/2021,$63.34,Male,12/22/2021,0.2181417728,5/16/2022,$49.42
509,Syrup - Monin - Granny Smith,1/24/2022,$29.57,Female,5/13/2022,0.408194241,3/23/2022,$30.98
510,Truffle Paste,7/13/2022,$73.23,Male,5/14/2022,0.2559838687,7/30/2021,$36.64
511,Tart - Lemon,8/13/2021,$95.80,Male,7/29/2021,1.2774234517,4/29/2022,$17.96
512,Plasticspoonblack,8/7/2021,$19.80,Male,7/20/2022,3.0439770828,7/27/2021,$11.25
513,Pie Shells 10,6/29/2022,$52.73,Male,5/6/2022,0.1489748774,8/22/2021,$86.85
514,Mackerel Whole Fresh,1/12/2022,$32.63,Male,6/12/2022,1.3107660025,1/8/2022,$40.63
515,Savory,2/28/2022,$64.07,Female,9/19/2021,1.628643655,1/12/2022,$16.50
516,Veal - Sweetbread,4/19/2022,$35.51,Female,8/19/2021,0.3214630935,10/10/2021,$35.99
517,Wine - Red Oakridge Merlot,8/31/2021,$65.81,Female,1/28/2022,3.3846161921,12/5/2021,$72.48
518,Salt - Seasoned,11/20/2021,$0.11,Female,2/4/2022,0.1087849994,8/14/2021,$3.48
519,Pork - Sausage Casing,12/18/2021,$85.57,Female,10/2/2021,1.1843415008,8/10/2021,$0.24
520,Shortbread - Cookie Crumbs,12/1/2021,$21.57,Male,8/11/2021,1.4743648709,3/17/2022,$89.72
521,Wine - Niagara Peninsula Vqa,10/14/2021,$80.39,Agender,9/28/2021,1.8745860119,10/25/2021,$85.05
522,"Pepper - Paprika, Hungarian",3/17/2022,$46.27,Female,1/12/2022,2.4263997799,5/14/2022,$42.54
523,"Nut - Hazelnut, Whole",4/8/2022,$87.81,Female,4/9/2022,2.7503350451,1/11/2022,$92.59
524,Lamb Rack - Ontario,6/15/2022,$52.15,Agender,7/29/2021,0.2078204776,12/21/2021,$13.04
525,"Carrots - Purple, Organic",12/17/2021,$77.68,Male,3/4/2022,0.1745347505,1/3/2022,$63.25
526,"Asparagus - White, Fresh",7/1/2022,$25.02,Genderqueer,12/26/2021,0.2984933346,7/27/2021,$58.27
527,"Pail - 15l White, With Handle",12/20/2021,$66.05,Female,10/1/2021,1.1681336362,2/26/2022,$68.33
528,Veal - Ground,5/15/2022,$45.77,Bigender,5/12/2022,3.2530836352,10/24/2021,$97.88
529,Lemons,1/22/2022,$73.43,Male,9/13/2021,0.3213584812,6/19/2022,$79.68
530,Rice - Jasmine Sented,7/21/2022,$37.17,Male,6/4/2022,1.2233846964,2/20/2022,$10.10
531,Sauce - Thousand Island,9/13/2021,$79.50,Male,8/9/2021,0.0942977391,3/19/2022,$54.96
532,Paste - Black Olive,5/16/2022,$64.66,Male,6/13/2022,0.6696392145,2/26/2022,$97.17
533,Cheese - Goat With Herbs,2/26/2022,$51.92,Female,12/23/2021,0.600075787,3/9/2022,$86.00
534,Butter - Unsalted,3/30/2022,$2.29,Female,12/9/2021,0.1280758784,11/19/2021,$19.20
535,Currants,9/29/2021,$96.54,Male,11/3/2021,0.2701401737,7/2/2022,$49.03
536,Steamers White,3/22/2022,$30.24,Female,6/12/2022,2.226333925,10/8/2021,$20.54
537,Cabbage - Red,4/21/2022,$45.07,Male,2/1/2022,1.011644113,11/4/2021,$78.56
538,"Lamb - Leg, Diced",1/22/2022,$87.80,Male,1/21/2022,1.6574886606,10/5/2021,$83.19
539,Pheasants - Whole,6/13/2022,$72.59,Genderqueer,3/22/2022,0.281491322,8/5/2021,$80.54
540,"Bread - Bagels, Mini",9/24/2021,$19.72,Male,12/23/2021,0.1552957628,12/27/2021,$36.21
541,Olives - Nicoise,2/12/2022,$31.66,Male,7/15/2022,4.1801440768,6/11/2022,$24.76
542,Plasticspoonblack,5/29/2022,$59.81,Male,2/27/2022,0.4710637311,11/24/2021,$35.90
543,Sobe - Orange Carrot,11/21/2021,$56.20,Agender,12/27/2021,0.7253322863,8/8/2021,$48.82
544,Fennel,9/23/2021,$24.50,Male,1/19/2022,0.8327731187,9/21/2021,$12.78
545,Gelatine Leaves - Envelopes,2/22/2022,$86.57,Female,6/30/2022,1.659715434,7/25/2021,$79.62
546,Bag - Clear 7 Lb,8/25/2021,$27.36,Female,10/13/2021,3.951707303,5/27/2022,$44.96
547,Pepper - Green Thai,9/10/2021,$10.73,Female,5/4/2022,0.5866763751,4/13/2022,$6.52
548,Cheese - Mascarpone,7/13/2022,$96.88,Female,11/8/2021,0.5228268115,11/30/2021,$8.35
549,Petite Baguette,10/25/2021,$33.15,Male,3/22/2022,0.4583888395,11/6/2021,$25.56
550,Blueberries - Frozen,9/17/2021,$16.82,Male,6/30/2022,0.4228350997,7/20/2022,$97.27
551,Fondant - Icing,6/21/2022,$5.03,Male,1/25/2022,0.0037075392,12/16/2021,$12.77
552,Ham - Cooked Bayonne Tinned,6/28/2022,$37.47,Male,6/17/2022,0.2830914377,12/6/2021,$97.76
553,Sauce Tomato Pouch,1/22/2022,$85.58,Female,4/20/2022,0.1519868803,6/13/2022,$66.09
554,Snapple - Mango Maddness,12/22/2021,$1.71,Female,3/11/2022,0.2618632981,8/11/2021,$74.80
555,Pastry - Banana Muffin - Mini,9/13/2021,$15.13,Male,8/28/2021,0.116116321,2/19/2022,$61.12
556,"Cake Circle, Paprus",3/30/2022,$57.54,Female,1/19/2022,1.4950760744,12/10/2021,$86.30
557,Tequila - Sauza Silver,8/27/2021,$93.10,Female,8/17/2021,0.0321645155,7/17/2022,$72.26
558,Fireball Whisky,2/20/2022,$82.35,Female,7/17/2022,0.6075134413,9/13/2021,$80.22
559,Vinegar - Sherry,11/25/2021,$50.78,Female,8/14/2021,1.124577604,11/17/2021,$99.58
560,Island Oasis - Ice Cream Mix,5/12/2022,$58.62,Male,9/20/2021,0.7806049643,8/18/2021,$59.95
561,Tea - Jasmin Green,3/29/2022,$33.23,Male,7/19/2022,3.4690810508,5/29/2022,$22.15
562,Cod - Fillets,1/28/2022,$96.90,Female,8/15/2021,0.119380832,5/21/2022,$18.38
563,"Shrimp - Baby, Warm Water",9/5/2021,$98.77,Male,7/7/2022,0.0959726207,10/14/2021,$79.14
564,Five Alive Citrus,1/10/2022,$15.84,Female,5/3/2022,0.6422419035,5/23/2022,$65.53
565,"Lentils - Red, Dry",5/17/2022,$8.25,Bigender,5/1/2022,0.3566384123,12/25/2021,$74.94
566,Cocoa Butter,12/13/2021,$45.15,Female,6/13/2022,3.3318695883,9/15/2021,$19.69
567,Dried Apple,1/1/2022,$73.77,Male,5/2/2022,0.8758917286,4/5/2022,$33.36
568,Cheese - Augre Des Champs,3/26/2022,$59.42,Male,7/16/2022,0.5079429429,3/26/2022,$9.71
569,Muffin - Mix - Creme Brule 15l,7/23/2021,$70.44,Female,3/27/2022,3.5480550851,12/18/2021,$58.30
570,Hold Up Tool Storage Rack,4/17/2022,$69.59,Female,9/5/2021,0.337344254,1/9/2022,$98.01
571,Tea - Earl Grey,10/17/2021,$28.68,Female,3/6/2022,1.2077972768,7/5/2022,$96.97
572,Berry Brulee,11/11/2021,$31.86,Male,5/21/2022,2.4275194854,8/4/2021,$46.49
573,Table Cloth 53x69 White,8/15/2021,$66.66,Male,3/23/2022,1.6330015736,3/26/2022,$79.78
574,Lemonade - Pineapple Passion,1/22/2022,$28.79,Male,11/24/2021,0.6179023346,4/25/2022,$6.51
575,Wine - Savigny - Les - Beaune,8/1/2021,$35.90,Male,2/27/2022,0.6612320237,9/2/2021,$61.32
576,Snapple - Iced Tea Peach,8/18/2021,$0.79,Male,8/1/2021,0.0351681875,10/6/2021,$50.97
577,Rhubarb,5/2/2022,$25.99,Male,3/8/2022,0.7124265781,7/19/2022,$90.71
578,Flour Dark Rye,8/10/2021,$96.52,Male,2/21/2022,0.8669645285,7/27/2021,$10.83
579,Cookies - Englishbay Chochip,4/18/2022,$13.43,Male,4/22/2022,0.0263185568,12/2/2021,$61.11
580,Cheese - Le Cru Du Clocher,1/16/2022,$29.91,Female,5/16/2022,0.6342973677,7/4/2022,$29.53
581,Fennel - Seeds,12/12/2021,$81.27,Female,4/16/2022,0.0917089683,11/14/2021,$27.02
582,Lamb - Loin Chops,8/23/2021,$67.93,Male,2/28/2022,0.110525831,7/30/2021,$6.28
583,"Napkin - Cocktail,beige 2 - Ply",4/28/2022,$20.63,Female,5/13/2022,0.9452127971,2/6/2022,$55.08
584,Juice Peach Nectar,1/26/2022,$6.78,Female,8/28/2021,2.0914317822,7/9/2022,$64.44
585,Beer - Pilsner Urquell,10/8/2021,$79.33,Genderqueer,5/18/2022,0.1738974579,8/19/2021,$91.79
586,"Sole - Dover, Whole, Fresh",10/21/2021,$20.70,Male,2/23/2022,1.0315966509,10/26/2021,$10.98
587,Cucumber - English,8/27/2021,$94.17,Female,3/21/2022,2.5863770192,5/18/2022,$98.10
588,Bread - Multigrain Oval,11/8/2021,$31.59,Female,5/23/2022,0.0210242068,5/2/2022,$34.39
589,"Halibut - Whole, Fresh",5/23/2022,$73.97,Female,11/16/2021,0.3047328407,9/4/2021,$35.73
590,"Nut - Hazelnut, Whole",7/29/2021,$98.04,Male,8/27/2021,1.9840730623,12/27/2021,$37.35
591,"Oregano - Dry, Rubbed",2/23/2022,$92.08,Female,8/25/2021,0.1086630271,1/3/2022,$14.51
592,Yams,11/13/2021,$0.89,Female,8/7/2021,0.924385177,6/30/2022,$74.29
593,Raisin - Dark,10/6/2021,$78.69,Female,10/29/2021,0.0257078987,6/9/2022,$45.16
594,Pork - Shoulder,3/9/2022,$25.96,Male,8/22/2021,0.9557087771,9/24/2021,$64.13
595,Samosa - Veg,3/5/2022,$13.41,Female,1/10/2022,1.1453714513,2/5/2022,$47.55
596,Goulash Seasoning,10/27/2021,$73.13,Male,5/30/2022,0.2930261596,7/22/2022,$43.28
597,Chocolate - Dark,9/14/2021,$77.09,Male,9/30/2021,3.7173342222,6/28/2022,$78.89
598,Tofu - Soft,7/10/2022,$92.77,Male,10/30/2021,0.1410003992,3/2/2022,$12.38
599,Cake - Miini Cheesecake Cherry,2/2/2022,$36.81,Male,5/1/2022,2.2757146611,10/10/2021,$54.71
600,Wine - Jackson Triggs Okonagan,11/23/2021,$41.60,Female,5/12/2022,0.6816426889,4/28/2022,$1.02
601,Walkers Special Old Whiskey,1/26/2022,$70.55,Male,7/17/2022,0.0045674077,4/10/2022,$50.41
602,Sausage - Liver,11/19/2021,$21.77,Female,2/18/2022,0.8114511045,9/22/2021,$20.14
603,"Brocolinni - Gaylan, Chinese",11/30/2021,$61.72,Female,12/22/2021,0.1998726115,11/13/2021,$97.99
604,Island Oasis - Raspberry,3/7/2022,$82.71,Female,2/28/2022,1.239763186,12/31/2021,$41.21
605,Beef - Flank Steak,4/4/2022,$58.08,Female,5/19/2022,3.2110437482,7/24/2021,$89.26
606,Flour Dark Rye,7/10/2022,$87.25,Male,10/27/2021,1.5312995113,11/26/2021,$75.11
607,Nougat - Paste / Cream,4/8/2022,$6.98,Female,12/16/2021,0.6343382586,4/22/2022,$54.26
608,"Juice - Orange, Concentrate",2/19/2022,$76.76,Female,8/27/2021,0.8746700721,2/26/2022,$59.32
609,Godiva White Chocolate,12/18/2021,$48.91,Female,2/15/2022,0.5485688778,10/21/2021,$87.35
610,Pepper - Roasted Red,6/29/2022,$73.42,Male,1/12/2022,1.8847358842,1/30/2022,$6.50
611,"Jam - Strawberry, 20 Ml Jar",7/18/2022,$98.21,Female,1/17/2022,3.735270562,1/19/2022,$98.01
612,Spice - Paprika,8/5/2021,$49.98,Male,12/20/2021,1.9381503774,7/21/2022,$32.02
613,Tea - Orange Pekoe,5/17/2022,$18.47,Male,10/12/2021,0.0718574046,10/7/2021,$63.82
614,Puree - Blackcurrant,3/16/2022,$47.19,Male,11/18/2021,0.9697991474,6/27/2022,$88.38
615,Butter - Pod,2/16/2022,$86.18,Male,3/6/2022,0.1026097703,6/27/2022,$82.33
616,Pepper - Roasted Red,4/4/2022,$18.63,Female,9/25/2021,0.9261030689,9/15/2021,$74.25
617,Beef - Top Butt Aaa,5/18/2022,$29.17,Female,6/6/2022,0.3006070703,6/19/2022,$91.57
618,Cape Capensis - Fillet,3/4/2022,$87.57,Male,4/3/2022,1.9631549781,8/31/2021,$93.04
619,Coffee - Decaffeinato Coffee,1/24/2022,$37.90,Male,9/7/2021,1.1059427698,2/10/2022,$79.93
620,Chocolate - Dark Callets,3/24/2022,$64.21,Male,4/4/2022,0.183708001,8/18/2021,$42.80
621,Wine - Rioja Campo Viejo,7/19/2022,$21.93,Female,1/11/2022,0.716651507,8/8/2021,$23.74
622,Poppy Seed,4/22/2022,$61.13,Female,5/24/2022,0.5792152904,7/17/2022,$59.26
623,Bagels Poppyseed,9/16/2021,$63.09,Male,2/16/2022,0.0997919856,7/24/2021,$74.01
624,Butter Sweet,4/27/2022,$28.21,Male,5/12/2022,0.0941611591,7/6/2022,$92.95
625,Soup - Verve - Chipotle Chicken,3/4/2022,$95.20,Male,6/29/2022,1.93364705,11/12/2021,$72.74
626,Coffee - Egg Nog Capuccino,5/22/2022,$60.04,Female,9/30/2021,1.7089661169,10/20/2021,$82.93
627,"Chicken - Thigh, Bone In",6/25/2022,$15.41,Female,4/11/2022,0.4625850531,8/7/2021,$51.23
628,"Coffee - Beans, Whole",4/9/2022,$50.49,Genderfluid,11/5/2021,1.230423295,1/14/2022,$57.91
629,Versatainer Nc - 8288,3/18/2022,$25.81,Female,10/26/2021,0.5894515797,11/10/2021,$26.67
630,Laundry - Bag Cloth,6/23/2022,$20.38,Female,8/13/2021,0.1853277385,12/19/2021,$30.92
631,Beef - Diced,6/24/2022,$15.05,Female,3/8/2022,0.4743730306,1/31/2022,$41.66
632,Cabbage - Savoy,10/17/2021,$8.00,Female,8/11/2021,0.1821841486,1/11/2022,$54.03
633,Vinegar - Balsamic,5/15/2022,$70.58,Male,6/2/2022,1.1056447737,2/20/2022,$11.37
634,Butter - Pod,11/15/2021,$56.27,Male,5/11/2022,0.3516144609,9/16/2021,$30.30
635,Bread - Multigrain,1/11/2022,$84.60,Male,11/30/2021,0.9430401211,12/8/2021,$54.16
636,Marzipan 50/50,10/23/2021,$91.84,Male,11/4/2021,0.4427695888,6/18/2022,$58.09
637,Pastry - Carrot Muffin - Mini,5/8/2022,$43.99,Male,5/22/2022,0.5193391677,1/13/2022,$41.16
638,Longos - Chicken Curried,3/5/2022,$20.40,Female,7/4/2022,1.0098170178,1/26/2022,$29.41
639,"Basil - Dry, Rubbed",4/2/2022,$80.65,Male,6/25/2022,2.0872288852,7/14/2022,$51.03
640,"Basil - Dry, Rubbed",4/11/2022,$11.73,Female,2/2/2022,0.3259498005,4/2/2022,$39.63
641,Waffle Stix,4/20/2022,$25.32,Female,12/3/2021,1.0581488869,5/1/2022,$39.05
642,Cheese - Fontina,11/4/2021,$89.45,Female,3/23/2022,2.867838068,2/10/2022,$1.86
643,Bread - Calabrese Baguette,6/7/2022,$47.10,Female,12/23/2021,0.3604617447,5/14/2022,$28.60
644,Fennel,1/5/2022,$3.90,Male,3/19/2022,0.6125391153,5/10/2022,$44.04
645,Saskatoon Berries - Frozen,1/6/2022,$32.69,Male,5/2/2022,1.3090400718,8/20/2021,$67.72
646,Pastry - Baked Cinnamon Stick,4/22/2022,$85.60,Female,3/8/2022,2.0407035869,1/3/2022,$12.61
647,"Soup - Clam Chowder, Dry Mix",12/31/2021,$60.38,Female,5/18/2022,1.5080787485,2/3/2022,$80.20
648,Olive - Spread Tapenade,10/29/2021,$46.56,Male,11/13/2021,0.2355644781,1/20/2022,$22.48
649,Soup Bowl Clear 8oz92008,9/4/2021,$85.58,Female,10/19/2021,5.0253848669,11/28/2021,$23.50
650,Syrup - Kahlua Chocolate,8/2/2021,$92.75,Male,11/15/2021,2.0333897822,7/19/2022,$53.58
651,"Artichoke - Bottom, Canned",12/31/2021,$38.94,Male,1/24/2022,0.0489675307,10/10/2021,$69.47
652,Beets,6/5/2022,$72.17,Non-binary,7/25/2021,1.0757935164,8/9/2021,$63.85
653,Pickles - Gherkins,8/9/2021,$95.30,Female,6/29/2022,0.8177428653,11/17/2021,$58.41
654,Truffle Shells - White Chocolate,8/19/2021,$39.79,Polygender,6/15/2022,0.037715382,9/25/2021,$41.80
655,Pepper - Yellow Bell,5/18/2022,$48.87,Agender,9/3/2021,1.4440995421,8/19/2021,$3.47
656,Aspic - Light,8/4/2021,$26.42,Female,1/15/2022,0.4209013383,2/26/2022,$87.24
657,Chocolate - Sugar Free Semi Choc,1/1/2022,$96.10,Female,6/25/2022,2.0051335673,12/6/2021,$39.28
658,Snapple - Mango Maddness,4/3/2022,$4.46,Female,7/21/2022,0.3492418876,7/23/2021,$76.28
659,Wine - Penfolds Koonuga Hill,6/19/2022,$18.04,Female,2/8/2022,0.1365822354,9/22/2021,$25.24
660,"Mushroom - Enoki, Dry",3/12/2022,$86.45,Male,2/8/2022,0.4657599835,4/26/2022,$20.15
661,Shrimp - Tiger 21/25,1/19/2022,$34.58,Male,4/15/2022,1.3859704834,4/3/2022,$71.14
662,Lotus Leaves,9/30/2021,$73.69,Bigender,10/25/2021,0.2779345756,3/25/2022,$3.91
663,"Bread - Rolls, Rye",7/9/2022,$76.60,Polygender,3/27/2022,0.0274363045,11/17/2021,$99.69
664,Flour - Fast / Rapid,8/7/2021,$81.25,Female,4/6/2022,0.5105562145,8/28/2021,$78.10
665,Ice Cream - Life Savers,7/4/2022,$79.06,Female,4/15/2022,0.3237346395,8/30/2021,$2.25
666,Loquat,9/22/2021,$24.81,Polygender,8/23/2021,0.4688038512,2/11/2022,$34.97
667,"Lamb - Loin, Trimmed, Boneless",5/20/2022,$9.04,Male,9/25/2021,0.6844275715,2/2/2022,$23.35
668,Cup - 8oz Coffee Perforated,12/5/2021,$22.42,Male,9/6/2021,1.7288289146,7/22/2022,$84.24
669,"Artichoke - Bottom, Canned",3/10/2022,$57.95,Male,4/23/2022,0.0660704813,8/30/2021,$26.28
670,Pastry - Chocolate Chip Muffin,9/12/2021,$62.45,Male,5/17/2022,1.3891909608,4/5/2022,$27.48
671,"Sauce - Apple, Unsweetened",12/14/2021,$58.46,Female,5/27/2022,1.7855603149,12/6/2021,$56.32
672,Breadfruit,6/21/2022,$91.64,Female,6/16/2022,0.1657624987,11/11/2021,$79.23
673,Rice - Brown,9/28/2021,$95.54,Female,7/19/2022,3.4075941676,6/6/2022,$34.38
674,Pork - Liver,2/21/2022,$37.89,Male,9/21/2021,1.2940971072,9/21/2021,$8.01
675,Lobster - Tail 6 Oz,5/4/2022,$55.39,Male,7/25/2021,0.3585752998,6/18/2022,$57.23
676,Cheese - Mozzarella,5/5/2022,$56.64,Male,8/26/2021,0.1403896473,9/29/2021,$61.16
677,Bread - English Muffin,9/7/2021,$45.65,Male,2/12/2022,1.0011347672,1/31/2022,$60.90
678,Alize Sunset,8/5/2021,$59.25,Female,1/17/2022,1.1822109648,10/24/2021,$24.91
679,Cake - Miini Cheesecake Cherry,2/16/2022,$57.01,Female,12/27/2021,0.1733795797,1/23/2022,$61.90
680,Wine - Acient Coast Caberne,12/13/2021,$42.33,Male,2/28/2022,1.1734830125,8/6/2021,$77.46
681,Table Cloth 54x72 Colour,12/23/2021,$13.09,Male,4/13/2022,0.24281826,12/16/2021,$51.60
682,Madeira,10/31/2021,$66.36,Male,6/4/2022,0.3167633114,12/20/2021,$43.44
683,Cauliflower,5/9/2022,$72.13,Female,1/5/2022,0.884041108,5/9/2022,$38.58
684,Creme De Cacao White,4/12/2022,$19.24,Female,1/23/2022,3.4267022026,6/25/2022,$30.94
685,Nantucket - 518ml,12/30/2021,$71.22,Male,3/11/2022,0.0567760188,3/28/2022,$59.97
686,Olives - Stuffed,11/30/2021,$4.68,Genderqueer,7/25/2021,1.5160778551,11/14/2021,$27.39
687,Beer - Fruli,1/18/2022,$11.45,Male,10/13/2021,0.4402602022,10/20/2021,$67.38
688,Otomegusa Dashi Konbu,1/21/2022,$70.78,Female,3/9/2022,2.4439507206,4/8/2022,$85.13
689,"Marjoram - Dried, Rubbed",7/14/2022,$94.56,Male,8/20/2021,0.9436507695,4/16/2022,$33.83
690,Cheese - Perron Cheddar,6/20/2022,$94.48,Male,8/12/2021,0.3886898458,11/5/2021,$60.70
691,Seabream Whole Farmed,5/22/2022,$99.48,Male,11/5/2021,0.6451696488,9/28/2021,$78.71
692,Milk - Buttermilk,4/27/2022,$43.43,Female,4/6/2022,0.7843357137,12/1/2021,$50.04
693,Cookie Dough - Chunky,9/30/2021,$50.15,Male,8/7/2021,0.1052067292,9/19/2021,$62.02
694,Island Oasis - Pina Colada,11/21/2021,$47.42,Polygender,3/7/2022,0.9588068937,10/3/2021,$46.95
695,Potatoes - Idaho 80 Count,1/27/2022,$1.33,Male,5/18/2022,0.8974469881,11/2/2021,$89.11
696,Icecream Cone - Areo Chocolate,9/13/2021,$2.13,Male,8/15/2021,1.518807068,2/26/2022,$78.91
697,"Wine - Harrow Estates, Vidal",5/21/2022,$62.69,Female,9/6/2021,0.8172923716,2/7/2022,$72.96
698,Tea - Earl Grey,2/25/2022,$49.44,Male,2/6/2022,0.2816038163,1/3/2022,$89.32
699,Wine - Charddonnay Errazuriz,4/28/2022,$8.60,Female,9/6/2021,0.7146228708,8/4/2021,$20.45
700,Wine - Peller Estates Late,4/25/2022,$57.82,Female,7/6/2022,0.2208039336,5/10/2022,$73.03
701,"Salmon - Atlantic, No Skin",3/16/2022,$16.38,Male,9/1/2021,0.3190412438,8/15/2021,$43.88
702,Sprouts - Corn,11/9/2021,$60.21,Male,5/30/2022,0.568564507,5/25/2022,$22.79
703,"Wine - Cahors Ac 2000, Clos",7/6/2022,$4.85,Male,3/20/2022,2.1979967466,10/19/2021,$15.79
704,Goulash Seasoning,5/31/2022,$56.23,Male,3/8/2022,0.2361869053,11/1/2021,$29.80
705,Myers Planters Punch,3/11/2022,$25.01,Female,1/15/2022,1.9987946088,8/14/2021,$65.40
706,Chicken - Base,11/4/2021,$31.13,Male,3/10/2022,0.1899773484,2/17/2022,$21.33
707,Bread - Bistro White,5/30/2022,$42.08,Female,10/11/2021,1.3507408611,12/3/2021,$24.62
708,Wine - Chateau Aqueria Tavel,11/16/2021,$45.28,Female,8/21/2021,1.2395228653,8/26/2021,$11.26
709,Mushroom - Chanterelle Frozen,12/24/2021,$25.45,Male,12/11/2021,0.5130180351,5/25/2022,$20.51
710,Sword Pick Asst,11/3/2021,$94.73,Female,9/10/2021,0.7618457743,3/7/2022,$31.07
711,"Pepper - White, Ground",10/12/2021,$7.01,Female,12/29/2021,0.0930734882,10/5/2021,$5.26
712,Plate Foam Laminated 9in Blk,8/14/2021,$14.75,Genderfluid,6/9/2022,1.1100727509,2/3/2022,$90.43
713,Soup - Boston Clam Chowder,6/26/2022,$53.35,Male,4/22/2022,0.0158403388,3/6/2022,$46.88
714,"Veal - Shank, Pieces",3/23/2022,$18.60,Male,10/18/2021,2.1187175827,5/13/2022,$7.35
715,"Chicken - Leg, Boneless",8/24/2021,$45.51,Female,11/13/2021,1.1906212636,2/1/2022,$86.67
716,Sauce - Fish 25 Ozf Bottle,10/14/2021,$92.47,Male,2/8/2022,0.8215010861,11/14/2021,$23.91
717,Bread - Wheat Baguette,3/20/2022,$28.73,Agender,3/12/2022,0.9144791134,8/24/2021,$23.27
718,Pork - European Side Bacon,4/9/2022,$22.39,Female,9/12/2021,0.1016554468,2/26/2022,$49.34
719,Yukon Jack,6/6/2022,$30.77,Female,10/26/2021,0.3963044057,11/4/2021,$8.06
720,"Vermouth - White, Cinzano",2/1/2022,$94.91,Female,4/20/2022,1.9282900631,12/22/2021,$65.29
721,"Soup - Campbells, Beef Barley",10/26/2021,$78.31,Female,12/15/2021,0.1735072744,10/15/2021,$63.51
722,Scrubbie - Scotchbrite Hand Pad,6/3/2022,$17.46,Female,2/2/2022,1.7045115646,7/7/2022,$89.75
723,Versatainer Nc - 8288,10/13/2021,$68.40,Female,7/17/2022,0.2171388842,1/30/2022,$57.15
724,Wine - Chablis J Moreau Et Fils,8/19/2021,$65.14,Non-binary,2/11/2022,0.1636121975,4/21/2022,$31.03
725,Dragon Fruit,2/23/2022,$69.28,Male,11/12/2021,1.2110174238,2/3/2022,$6.92
726,Duck - Whole,5/12/2022,$29.09,Female,12/21/2021,0.2078228646,12/1/2021,$96.87
727,Beef - Diced,9/26/2021,$72.92,Male,2/1/2022,0.2626072206,3/6/2022,$62.94
728,Vinegar - Sherry,1/17/2022,$44.03,Female,7/16/2022,1.665554865,7/22/2022,$27.21
729,Wine - Champagne Brut Veuve,9/14/2021,$76.02,Male,12/26/2021,2.2590913481,1/4/2022,$20.54
730,Table Cloth 62x120 White,2/15/2022,$20.99,Genderfluid,3/19/2022,0.2199279046,12/6/2021,$70.38
731,Lamb - Shanks,2/10/2022,$51.18,Female,6/24/2022,0.0681741902,3/15/2022,$96.08
732,Assorted Desserts,10/18/2021,$63.53,Male,5/18/2022,0.9791134485,6/29/2022,$70.64
733,Muffin - Mix - Mango Sour Cherry,1/27/2022,$84.88,Female,7/12/2022,0.0918010837,7/10/2022,$75.03
734,Wine - Rosso Del Veronese Igt,5/14/2022,$56.95,Male,4/30/2022,0.641369089,2/14/2022,$26.26
735,Grapes - Black,12/30/2021,$27.16,Male,5/5/2022,1.7687447405,2/24/2022,$31.80
736,Crackers Cheez It,6/8/2022,$72.02,Male,11/16/2021,0.3104544604,3/13/2022,$76.48
737,Mace,8/19/2021,$83.00,Female,12/17/2021,0.5051125406,4/7/2022,$91.56
738,Wine - Soave Folonari,10/14/2021,$39.74,Female,4/20/2022,0.6400029027,2/18/2022,$31.54
739,Foam Cup 6 Oz,8/4/2021,$47.53,Female,9/24/2021,1.0461798868,2/19/2022,$87.06
740,Amarula Cream,1/15/2022,$74.80,Agender,10/17/2021,0.2444165527,12/14/2021,$51.93
741,Bar Mix - Lime,10/6/2021,$53.78,Female,5/19/2022,1.4013618904,11/14/2021,$90.74
742,"Chocolate - Pistoles, Lactee, Milk",11/4/2021,$31.30,Male,3/28/2022,0.2161195522,1/2/2022,$92.12
743,Rolled Oats,5/9/2022,$12.38,Female,12/4/2021,0.0292791783,12/9/2021,$85.07
744,Sachet,1/2/2022,$63.77,Female,7/4/2022,1.3057398811,7/27/2021,$23.99
745,Mushroom Morel Fresh,4/11/2022,$83.39,Male,11/2/2021,0.3780936087,8/26/2021,$66.98
746,Wine - Cotes Du Rhone Parallele,9/20/2021,$63.71,Male,12/28/2021,0.975117964,11/4/2021,$35.16
747,Mackerel Whole Fresh,10/13/2021,$17.17,Male,10/21/2021,0.1260279776,12/19/2021,$37.36
748,Juice - Ocean Spray Cranberry,5/20/2022,$38.57,Non-binary,1/26/2022,1.024431341,7/6/2022,$0.93
749,"Juice - Pineapple, 341 Ml",10/27/2021,$54.15,Female,7/10/2022,0.1685459512,10/4/2021,$29.32
750,Celery,4/10/2022,$37.65,Male,3/21/2022,0.5015201942,3/1/2022,$38.02
751,"Cheese - Havarti, Roasted Garlic",12/19/2021,$22.83,Female,7/20/2022,0.4247982514,11/19/2021,$92.72
752,Scrubbie - Scotchbrite Hand Pad,11/17/2021,$27.15,Female,12/28/2021,1.9037226527,8/28/2021,$65.40
753,Tuna - Salad Premix,1/5/2022,$4.09,Female,1/16/2022,0.1576443729,6/14/2022,$98.83
754,Pork - Ground,10/17/2021,$78.39,Female,9/7/2021,0.3253068461,7/26/2021,$31.00
755,"Syrup - Monin, Amaretta",11/2/2021,$70.92,Female,5/26/2022,1.5202524103,5/9/2022,$39.42
756,Flower - Commercial Spider,9/8/2021,$70.93,Female,9/26/2021,0.3503134978,7/21/2022,$36.82
757,"Lettuce - Romaine, Heart",5/4/2022,$67.12,Female,8/26/2021,1.5269073973,6/30/2022,$62.19
758,"Vinegar - Balsamic, White",9/18/2021,$57.21,Genderqueer,8/17/2021,0.5281729674,1/25/2022,$62.95
759,Oil - Coconut,7/16/2022,$65.36,Male,12/29/2021,1.865868028,10/3/2021,$78.32
760,Wine - Crozes Hermitage E.,8/14/2021,$34.59,Female,9/11/2021,1.5892035788,11/3/2021,$91.74
761,"Shrimp - 16/20, Peeled Deviened",8/5/2021,$49.60,Female,8/28/2021,0.2013495444,12/20/2021,$98.82
762,"Tart Shells - Sweet, 2",8/5/2021,$3.05,Male,8/30/2021,0.5088470116,1/4/2022,$84.21
763,Wine - Zinfandel Rosenblum,5/17/2022,$93.93,Female,10/5/2021,1.1728177427,5/31/2022,$48.27
764,"Pasta - Elbows, Macaroni, Dry",4/2/2022,$76.79,Female,10/4/2021,0.2075481889,1/21/2022,$29.63
765,"Wine - White, Schroder And Schyl",7/19/2022,$18.20,Female,12/21/2021,0.501358708,12/19/2021,$22.01
766,Ecolab - Lime - A - Way 4/4 L,9/21/2021,$32.02,Male,2/25/2022,0.0903979635,2/17/2022,$83.58
767,Okra,4/25/2022,$80.88,Female,5/6/2022,0.1471005821,1/13/2022,$2.23
768,"Juice - Cranberry, 341 Ml",2/10/2022,$96.93,Female,4/6/2022,0.1562694892,4/3/2022,$22.65
769,Bread - Sour Sticks With Onion,6/12/2022,$1.27,Male,5/13/2022,1.7411173743,12/17/2021,$83.61
770,Sauce - Hp,12/20/2021,$84.66,Male,2/19/2022,3.0668000291,6/28/2022,$44.57
771,Energy Drink - Franks Pineapple,1/19/2022,$88.80,Male,12/15/2021,2.0653828074,6/4/2022,$94.10
772,Soup - Campbells Pasta Fagioli,12/19/2021,$5.79,Male,10/16/2021,1.0342059886,7/19/2022,$71.25
773,Flower - Daisies,6/20/2022,$93.57,Male,8/21/2021,0.99456817,7/9/2022,$41.02
774,Sausage - Andouille,6/9/2022,$74.97,Male,4/10/2022,6.1626115173,12/27/2021,$81.75
775,Cut Wakame - Hanawakaba,5/23/2022,$87.31,Female,7/5/2022,0.6712355672,1/17/2022,$69.27
776,Buffalo - Short Rib Fresh,8/29/2021,$43.97,Bigender,10/9/2021,0.7253812157,10/16/2021,$96.82
777,Shrimp - 31/40,8/20/2021,$25.63,Female,11/17/2021,0.0089842072,8/1/2021,$33.76
778,Tea - Vanilla Chai,9/2/2021,$4.98,Female,2/22/2022,0.162403086,1/9/2022,$98.60
779,"Pasta - Tortellini, Fresh",6/14/2022,$41.35,Genderqueer,3/3/2022,0.7071930894,4/6/2022,$43.13
780,"Oil - Shortening,liqud, Fry",3/31/2022,$39.41,Male,4/22/2022,0.0264874088,6/18/2022,$44.79
781,"Veal - Inside, Choice",1/24/2022,$47.84,Agender,7/4/2022,2.5517550849,9/16/2021,$19.80
782,Wine - Vouvray Cuvee Domaine,9/7/2021,$69.85,Male,5/4/2022,1.5829501545,2/5/2022,$6.21
783,"Cheese - Brie, Cups 125g",8/15/2021,$41.31,Female,8/24/2021,0.153791972,8/28/2021,$23.01
784,Oil - Safflower,1/11/2022,$93.83,Male,8/12/2021,0.443604161,11/21/2021,$44.22
785,Bar Special K,1/14/2022,$92.01,Genderqueer,9/20/2021,0.1846283283,4/17/2022,$18.65
786,Tea - Herbal Orange Spice,5/8/2022,$7.79,Male,9/16/2021,0.6155968683,6/11/2022,$83.84
787,Browning Caramel Glace,5/11/2022,$52.90,Male,1/2/2022,0.9512873923,4/1/2022,$68.71
788,Garbage Bags - Clear,7/26/2021,$49.72,Male,3/13/2022,0.4671917286,10/29/2021,$36.64
789,Apple - Macintosh,5/11/2022,$30.11,Male,12/1/2021,0.9487867787,8/10/2021,$82.75
790,"Bread - Rolls, Rye",1/1/2022,$79.54,Polygender,6/24/2022,1.4357168822,9/25/2021,$65.22
791,Sage Derby,5/8/2022,$4.91,Male,1/29/2022,0.1141759984,6/12/2022,$31.75
792,Slt - Individual Portions,6/25/2022,$53.16,Male,1/4/2022,0.0676621019,7/4/2022,$56.07
793,Cocoa Butter,5/21/2022,$38.12,Male,10/17/2021,2.1780289138,5/29/2022,$93.69
794,Yokaline,1/23/2022,$65.89,Female,6/13/2022,1.5556116699,5/28/2022,$64.99
795,Sauce - Fish 25 Ozf Bottle,4/6/2022,$16.03,Female,8/22/2021,0.7410592932,1/2/2022,$49.61
796,Wine - Cotes Du Rhone Parallele,10/12/2021,$95.58,Female,12/18/2021,0.5942436377,2/11/2022,$85.80
797,Beef - Tenderloin,7/14/2022,$31.15,Male,10/27/2021,0.3739443956,9/4/2021,$53.74
798,"Juice - Orange, Concentrate",10/28/2021,$44.11,Female,8/23/2021,1.0611912364,1/31/2022,$37.51
799,"Wine - White, Concha Y Toro",2/19/2022,$7.96,Female,2/22/2022,2.8416605331,8/23/2021,$59.15
800,Appetizer - Chicken Satay,4/12/2022,$63.36,Male,6/10/2022,0.6045595921,10/13/2021,$63.98
801,Longos - Chicken Curried,10/6/2021,$78.74,Female,2/11/2022,0.0407072103,6/6/2022,$11.07
802,Pickle - Dill,12/9/2021,$73.98,Female,8/13/2021,0.9775495047,2/23/2022,$45.94
803,Flower - Commercial Bronze,3/19/2022,$62.76,Male,10/29/2021,0.0669471834,3/30/2022,$51.12
804,"Mushroom - Trumpet, Dry",5/17/2022,$53.97,Female,7/21/2022,1.726873041,10/6/2021,$71.75
805,Wine - Peller Estates Late,4/20/2022,$82.05,Female,12/28/2021,0.3789332628,8/15/2021,$98.07
806,Cheese - Cambozola,12/20/2021,$20.20,Male,4/3/2022,0.9856864846,7/19/2022,$44.44
807,Cake - Sheet Strawberry,8/17/2021,$11.10,Female,9/1/2021,0.0464401666,12/21/2021,$75.68
808,Bread - Multigrain Oval,1/4/2022,$37.61,Female,9/7/2021,0.90961306,10/8/2021,$22.10
809,"Halibut - Whole, Fresh",4/5/2022,$24.34,Male,5/17/2022,1.6026668363,6/26/2022,$69.38
810,Squid - Breaded,12/13/2021,$57.50,Male,7/24/2021,0.246591931,11/13/2021,$72.39
811,Wine - Trimbach Pinot Blanc,4/23/2022,$19.16,Female,5/4/2022,0.3973154807,4/10/2022,$25.21
812,"Juice - Grape, White",7/28/2021,$42.55,Male,11/17/2021,0.2056085719,1/6/2022,$72.81
813,"Yeast - Fresh, Fleischman",4/2/2022,$96.48,Female,9/22/2021,0.6984230514,5/11/2022,$73.27
814,Salt - Seasoned,12/8/2021,$39.70,Polygender,6/26/2022,2.4712579019,11/13/2021,$4.78
815,Cheese - Asiago,5/16/2022,$63.23,Female,6/1/2022,0.1423558469,5/29/2022,$15.35
816,Lettuce - Frisee,10/21/2021,$85.11,Female,9/5/2021,2.299928571,10/5/2021,$63.67
817,"Doilies - 7, Paper",8/17/2021,$95.93,Male,11/28/2021,0.5377772843,6/29/2022,$96.65
818,Bar - Sweet And Salty Chocolate,2/4/2022,$40.21,Female,8/17/2021,0.138019568,11/27/2021,$47.85
819,Nectarines,2/17/2022,$62.80,Male,3/2/2022,2.5038674271,5/15/2022,$54.12
820,Vol Au Vents,8/19/2021,$31.87,Male,5/4/2022,0.4743998471,1/14/2022,$37.90
821,Soup - Campbells Asian Noodle,5/3/2022,$91.56,Male,1/4/2022,0.3434336189,4/1/2022,$46.71
822,Wine - Clavet Saint Emilion,10/15/2021,$69.17,Female,1/10/2022,1.707912862,8/24/2021,$74.51
823,Coffee - Decafenated,7/1/2022,$58.16,Male,3/5/2022,0.4538351692,6/3/2022,$94.50
824,Strawberries - California,5/10/2022,$52.47,Male,6/7/2022,1.4843455079,9/12/2021,$61.34
825,Tea Leaves - Oolong,8/6/2021,$64.24,Female,6/8/2022,0.5185972142,11/25/2021,$15.50
826,Milk Powder,3/12/2022,$21.48,Male,6/17/2022,0.2000148334,6/14/2022,$5.95
827,Thyme - Fresh,12/31/2021,$85.06,Non-binary,6/17/2022,1.6196099034,12/19/2021,$89.06
828,Beans - Wax,5/8/2022,$27.82,Male,6/29/2022,0.3053965654,5/9/2022,$12.53
829,"Radish - Black, Winter, Organic",11/10/2021,$31.33,Male,5/19/2022,0.3600126124,6/14/2022,$69.38
830,"Veal - Round, Eye Of",1/6/2022,$9.54,Female,3/7/2022,1.4906905684,1/28/2022,$45.64
831,Chicken - Whole Roasting,2/19/2022,$29.53,Male,7/10/2022,0.5207648573,7/4/2022,$54.94
832,Ham - Black Forest,2/1/2022,$77.03,Male,9/4/2021,2.4451502914,7/14/2022,$96.35
833,Energy Drink Red Bull,5/14/2022,$50.96,Female,2/21/2022,0.0115297677,1/15/2022,$26.27
834,"Pepper - White, Ground",8/16/2021,$34.64,Female,9/3/2021,1.4450845467,5/25/2022,$5.53
835,Creme De Banane - Marie,2/27/2022,$45.50,Female,9/18/2021,2.9659964795,3/3/2022,$87.11
836,Flour - So Mix Cake White,11/2/2021,$91.35,Genderqueer,9/14/2021,0.4210639842,12/12/2021,$56.05
837,Lamb Rack - Ontario,7/29/2021,$17.42,Female,10/20/2021,0.4479480804,1/16/2022,$77.77
838,Wine - Winzer Krems Gruner,12/31/2021,$7.21,Male,1/25/2022,2.6860618299,5/1/2022,$53.19
839,Soup Bowl Clear 8oz92008,3/5/2022,$12.81,Male,3/20/2022,0.2210974223,12/22/2021,$86.13
840,Pork - Backs - Boneless,12/10/2021,$87.42,Male,7/19/2022,1.1016793888,10/24/2021,$42.72
841,Muffin - Mix - Creme Brule 15l,7/20/2022,$98.77,Genderfluid,2/26/2022,0.0664461639,5/15/2022,$24.06
842,Cake - Miini Cheesecake Cherry,1/2/2022,$69.27,Female,12/24/2021,0.2001129913,1/14/2022,$27.50
843,Beer - True North Strong Ale,9/11/2021,$96.99,Male,9/2/2021,0.1196257747,7/9/2022,$4.57
844,"Onions - Dried, Chopped",12/31/2021,$7.44,Male,1/25/2022,1.3686559654,12/30/2021,$27.29
845,"Wine - Red, Lurton Merlot De",10/13/2021,$20.43,Male,6/15/2022,1.4389434861,3/3/2022,$50.42
846,"Basil - Primerba, Paste",8/12/2021,$26.97,Male,3/16/2022,0.3381856554,11/5/2021,$73.73
847,Calypso - Strawberry Lemonade,2/28/2022,$43.83,Female,10/23/2021,0.6201951093,11/29/2021,$9.29
848,Goulash Seasoning,8/9/2021,$71.12,Female,9/21/2021,0.9721108959,7/7/2022,$11.17
849,Wine - Vineland Estate Semi - Dry,9/1/2021,$19.92,Male,8/7/2021,3.6402717624,5/9/2022,$56.93
850,Red Cod Fillets - 225g,4/23/2022,$60.73,Female,4/23/2022,0.4446916932,9/30/2021,$54.95
851,"Syrup - Monin, Swiss Choclate",6/19/2022,$75.26,Female,12/15/2021,0.8371288439,4/15/2022,$24.58
852,"Soup - Beef Conomme, Dry",4/6/2022,$32.76,Male,8/24/2021,1.4417529237,11/22/2021,$96.59
853,Filling - Mince Meat,4/28/2022,$30.44,Female,3/19/2022,0.9951105463,2/16/2022,$71.49
854,Steampan - Half Size Shallow,7/10/2022,$57.80,Male,4/25/2022,0.0471958607,12/6/2021,$61.04
855,Garlic,6/11/2022,$99.13,Male,8/29/2021,1.0833179873,10/19/2021,$47.56
856,Bread Foccacia Whole,6/28/2022,$71.52,Female,4/17/2022,0.4362928728,2/8/2022,$23.63
857,Sauce - Oyster,12/25/2021,$90.01,Female,6/16/2022,0.1639219252,11/9/2021,$1.69
858,Table Cloth 62x120 White,2/4/2022,$17.47,Female,10/14/2021,0.3885094594,4/1/2022,$80.87
859,Wine - Wyndham Estate Bin 777,4/17/2022,$99.62,Agender,11/30/2021,0.0864413233,10/11/2021,$84.05
860,"Oranges - Navel, 72",7/17/2022,$6.10,Male,10/3/2021,1.5819281369,9/4/2021,$12.99
861,Otomegusa Dashi Konbu,7/19/2022,$81.83,Male,5/26/2022,1.0458714021,2/5/2022,$93.94
862,"Quail - Whole, Boneless",1/11/2022,$48.84,Male,7/29/2021,0.2760322101,6/11/2022,$15.75
863,Pumpkin,2/7/2022,$64.88,Male,5/26/2022,1.1067210914,2/28/2022,$73.19
864,Island Oasis - Raspberry,1/20/2022,$24.20,Male,11/20/2021,1.984282853,4/17/2022,$62.97
865,Glaze - Clear,6/12/2022,$60.43,Male,9/6/2021,1.2553543811,3/25/2022,$9.26
866,"Cod - Salted, Boneless",5/20/2022,$39.22,Female,7/5/2022,0.8049730821,8/24/2021,$7.02
867,Cake - Pancake,9/19/2021,$52.11,Female,3/29/2022,1.6786233593,8/2/2021,$11.88
868,"Vodka - Lemon, Absolut",2/26/2022,$70.20,Female,9/5/2021,0.4289643598,1/23/2022,$53.79
869,Rice - Brown,11/17/2021,$41.18,Male,1/6/2022,0.8252868713,11/30/2021,$25.96
870,Wine - Chateauneuf Du Pape,9/1/2021,$90.16,Male,9/2/2021,0.3607436425,1/16/2022,$98.75
871,Sugar - Cubes,3/6/2022,$26.92,Female,5/23/2022,0.4445018479,7/17/2022,$92.89
872,Crab - Meat,10/13/2021,$64.58,Female,11/3/2021,0.6553356247,5/2/2022,$26.93
873,Wine - Guy Sage Touraine,7/30/2021,$97.65,Male,10/1/2021,2.269084443,4/6/2022,$24.71
874,"Coke - Classic, 355 Ml",6/28/2022,$41.64,Male,9/4/2021,1.1967813226,10/3/2021,$76.86
875,"Crab - Dungeness, Whole",6/20/2022,$4.06,Male,12/8/2021,0.0234795608,10/18/2021,$46.23
876,"Nestea - Ice Tea, Diet",2/27/2022,$26.38,Female,11/10/2021,1.0568672375,5/26/2022,$22.71
877,Orange Roughy 4/6 Oz,12/30/2021,$83.74,Agender,1/11/2022,4.5865483522,7/10/2022,$8.82
878,Vinegar - Sherry,9/15/2021,$98.30,Male,3/28/2022,0.0045000631,6/22/2022,$15.86
879,"Juice - Pineapple, 48 Oz",12/23/2021,$87.68,Female,7/10/2022,1.0499606485,8/9/2021,$38.14
880,Water - Green Tea Refresher,7/30/2021,$86.17,Male,4/8/2022,2.2315541067,7/20/2022,$14.66
881,Sprouts - Onion,7/25/2021,$59.44,Female,12/6/2021,1.145189996,11/11/2021,$69.81
882,Mustard Prepared,1/19/2022,$91.64,Male,4/20/2022,0.0786052613,6/20/2022,$63.08
883,Salmon Steak - Cohoe 6 Oz,3/2/2022,$81.89,Male,3/13/2022,0.9505156148,9/26/2021,$57.89
884,Cheese - Cheddarsliced,8/10/2021,$52.08,Female,12/28/2021,0.1555071514,9/23/2021,$37.03
885,Carbonated Water - Blackberry,1/19/2022,$35.61,Male,6/7/2022,1.6686563768,1/8/2022,$74.63
886,"Sprite, Diet - 355ml",5/28/2022,$51.47,Male,4/22/2022,1.2747352958,1/12/2022,$8.51
887,Flour Dark Rye,12/19/2021,$53.81,Male,7/1/2022,1.4194458602,7/22/2022,$14.89
888,The Pop Shoppe - Grape,1/10/2022,$26.12,Male,12/26/2021,1.0928458676,2/11/2022,$22.09
889,"Coke - Diet, 355 Ml",7/27/2021,$39.79,Male,5/17/2022,0.1152699898,12/6/2021,$51.55
890,Chervil - Fresh,4/15/2022,$27.76,Male,5/22/2022,3.1917742463,8/30/2021,$61.01
891,Sterno - Chafing Dish Fuel,7/8/2022,$38.52,Male,10/7/2021,1.017943261,2/6/2022,$59.58
892,Lettuce - Red Leaf,3/11/2022,$0.10,Female,1/18/2022,2.7809358909,2/19/2022,$16.32
893,Steampan - Half Size Shallow,3/10/2022,$81.28,Genderfluid,9/19/2021,0.0956173468,7/31/2021,$42.30
894,Kellogs Special K Cereal,8/22/2021,$15.66,Male,8/14/2021,0.2631422905,10/7/2021,$53.51
895,Venison - Striploin,1/27/2022,$43.50,Female,5/20/2022,0.0427965337,7/22/2022,$67.17
896,Kolrabi,6/8/2022,$31.99,Male,8/19/2021,0.0745721805,7/28/2021,$60.50
897,Flour - Rye,7/13/2022,$63.99,Male,10/19/2021,0.2693119973,11/30/2021,$49.97
898,Wild Boar - Tenderloin,3/19/2022,$85.12,Female,1/6/2022,0.2817482489,1/10/2022,$89.28
899,Juice - Happy Planet,11/16/2021,$80.37,Male,12/29/2021,0.8420209394,7/6/2022,$54.98
900,"Chocolate - Semi Sweet, Calets",8/29/2021,$83.18,Male,3/21/2022,4.7875099617,10/17/2021,$61.44
901,Silicone Paper 16.5x24,8/20/2021,$19.84,Male,12/8/2021,0.6116864665,4/17/2022,$26.57
902,Spinach - Packaged,3/16/2022,$37.54,Male,4/20/2022,0.4901174395,7/19/2022,$85.55
903,Water Chestnut - Canned,4/27/2022,$84.46,Male,11/13/2021,0.1929632572,1/23/2022,$24.07
904,Beef - Diced,6/19/2022,$40.33,Male,8/5/2021,0.7426760398,12/18/2021,$79.33
905,Truffle Cups - Red,9/29/2021,$94.75,Female,6/4/2022,1.3600379794,11/13/2021,$95.37
906,The Pop Shoppe Pinapple,10/13/2021,$24.07,Polygender,10/30/2021,0.3908471763,10/1/2021,$90.16
907,Raspberries - Fresh,8/21/2021,$75.82,Male,6/25/2022,1.0692361088,1/23/2022,$96.57
908,"Bread - Rolls, Rye",12/12/2021,$1.15,Male,3/1/2022,0.374390856,7/28/2021,$61.87
909,Kiwi Gold Zespri,1/26/2022,$88.45,Male,11/5/2021,1.0773340031,10/20/2021,$18.95
910,Chips - Assorted,10/17/2021,$52.75,Male,12/11/2021,1.9160276521,10/16/2021,$16.80
911,Liquid Aminios Acid - Braggs,6/20/2022,$35.68,Female,2/23/2022,4.3085385453,12/21/2021,$60.80
912,Appetizer - Cheese Bites,3/3/2022,$25.78,Female,12/27/2021,0.3201459544,7/24/2021,$44.31
913,Grapes - Black,10/5/2021,$85.71,Female,12/19/2021,0.9961468719,4/6/2022,$90.63
914,Sage - Fresh,5/28/2022,$17.42,Female,4/20/2022,0.5288346087,7/1/2022,$13.63
915,Sea Bass - Fillets,3/20/2022,$43.55,Male,10/23/2021,1.1319365033,4/25/2022,$98.10
916,Chutney Sauce,4/17/2022,$74.85,Female,1/13/2022,0.9266106306,2/9/2022,$69.81
917,Savory,7/25/2021,$33.96,Female,10/17/2021,0.3607112272,8/26/2021,$70.57
918,Bacardi Raspberry,2/8/2022,$32.87,Male,10/7/2021,2.1133616928,10/31/2021,$44.51
919,Shrimp - Black Tiger 6 - 8,6/2/2022,$5.88,Genderqueer,4/25/2022,0.9149572647,9/8/2021,$9.82
920,Vinegar - Tarragon,11/13/2021,$54.12,Genderfluid,10/6/2021,0.7226067312,12/20/2021,$48.19
921,Pineapple - Regular,11/4/2021,$27.59,Female,5/16/2022,0.4795146352,7/5/2022,$5.27
922,"Juice - Grape, White",6/11/2022,$8.64,Female,7/23/2021,0.4552238701,9/28/2021,$73.30
923,Wine - Magnotta - Bel Paese White,3/12/2022,$79.00,Male,1/10/2022,0.4385022637,3/30/2022,$76.77
924,"Bread - Sticks, Thin, Plain",11/25/2021,$28.06,Female,8/21/2021,0.3770835287,6/13/2022,$75.30
925,Wine - Magnotta - Cab Franc,10/21/2021,$61.32,Female,3/5/2022,0.5940982263,7/8/2022,$9.08
926,Smirnoff Green Apple Twist,12/5/2021,$18.70,Male,8/5/2021,1.3000326107,4/21/2022,$23.63
927,Fruit Salad Deluxe,7/24/2021,$16.31,Female,11/17/2021,1.0282619717,4/29/2022,$57.86
928,Nutmeg - Ground,3/21/2022,$73.69,Female,11/12/2021,0.149764987,2/24/2022,$13.25
929,Wine - Ej Gallo Sonoma,3/18/2022,$96.92,Male,8/13/2021,0.8344475625,10/23/2021,$60.19
930,Cheese - Swiss,12/10/2021,$43.97,Genderqueer,11/2/2021,0.923765036,2/27/2022,$68.03
931,Island Oasis - Lemonade,11/19/2021,$95.14,Male,10/12/2021,1.3749703885,8/15/2021,$48.35
932,Muffin Mix - Morning Glory,3/4/2022,$26.00,Male,9/4/2021,1.220015111,12/29/2021,$19.59
933,Pepper - Jalapeno,7/24/2021,$86.81,Female,6/23/2022,0.0509790964,8/29/2021,$24.67
934,Mince Meat - Filling,2/3/2022,$71.40,Female,1/16/2022,0.9628526907,8/16/2021,$93.49
935,Sprouts - Onion,2/28/2022,$76.36,Female,10/27/2021,0.3853967987,7/7/2022,$48.64
936,Wine - Toasted Head,10/3/2021,$16.83,Male,3/26/2022,2.3948648866,4/7/2022,$93.16
937,"Crush - Orange, 355ml",11/23/2021,$97.02,Female,1/3/2022,1.7504950422,9/22/2021,$28.75
938,Chocolate - Chips Compound,2/8/2022,$54.58,Female,3/16/2022,0.1611894013,4/6/2022,$61.81
939,Pimento - Canned,4/3/2022,$14.97,Genderqueer,6/11/2022,1.5061230028,10/5/2021,$67.92
940,Cheese - Cheddar With Claret,12/5/2021,$68.78,Male,11/26/2021,0.0688027963,5/1/2022,$72.95
941,Bread - Hot Dog Buns,1/20/2022,$40.78,Male,6/13/2022,0.0126498869,4/20/2022,$33.52
942,Celery Root,1/23/2022,$76.38,Male,5/10/2022,0.6937908702,11/27/2021,$3.93
943,Pear - Prickly,5/5/2022,$84.14,Male,9/23/2021,0.5346883564,12/31/2021,$24.87
944,Bagel - Everything,4/16/2022,$26.26,Female,8/10/2021,0.6940828556,9/3/2021,$47.64
945,"Shrimp - Baby, Cold Water",12/12/2021,$22.96,Male,10/11/2021,0.1924301126,12/22/2021,$34.06
946,Relish,7/21/2022,$83.60,Female,10/24/2021,2.2731712164,6/29/2022,$48.97
947,Wanton Wrap,12/8/2021,$74.49,Female,9/15/2021,0.4341558801,4/6/2022,$0.18
948,Pork - Ham Hocks - Smoked,4/20/2022,$79.04,Male,10/10/2021,4.1680174348,6/14/2022,$27.97
949,Wine - Red Oakridge Merlot,10/30/2021,$79.78,Female,9/21/2021,1.202874276,2/6/2022,$0.50
950,Chocolate Eclairs,11/24/2021,$78.55,Male,1/26/2022,0.3509692574,9/8/2021,$49.02
951,Flour - Semolina,12/13/2021,$51.81,Male,4/30/2022,0.3036846949,2/9/2022,$1.84
952,Duck - Breast,5/25/2022,$36.79,Male,6/20/2022,0.359200315,12/14/2021,$82.96
953,Chocolate - Dark Callets,5/4/2022,$45.29,Male,11/8/2021,0.2919437374,6/15/2022,$85.46
954,Island Oasis - Banana Daiquiri,11/3/2021,$21.22,Female,6/23/2022,1.7908303754,6/5/2022,$46.37
955,Quiche Assorted,1/18/2022,$45.83,Genderqueer,3/7/2022,2.4218170422,2/20/2022,$5.71
956,Kale - Red,3/30/2022,$11.41,Male,7/1/2022,2.3959876053,8/31/2021,$94.56
957,Lettuce - Boston Bib,9/18/2021,$4.06,Female,6/1/2022,0.1304636566,3/11/2022,$80.76
958,"Pasta - Lasagne, Fresh",2/6/2022,$84.86,Female,11/9/2021,1.7939204795,1/11/2022,$7.51
959,Gooseberry,10/20/2021,$20.77,Female,8/11/2021,0.2652920347,3/29/2022,$8.28
960,Otomegusa Dashi Konbu,11/30/2021,$14.97,Female,4/17/2022,2.1916635665,6/4/2022,$46.70
961,"Lemonade - Black Cherry, 591 Ml",12/28/2021,$91.56,Male,10/25/2021,0.4947322607,4/1/2022,$36.15
962,"Squash - Pattypan, Yellow",5/10/2022,$89.73,Female,12/18/2021,0.038233838,4/21/2022,$37.43
963,Tomatoes - Heirloom,9/7/2021,$5.90,Male,6/13/2022,3.184589694,2/24/2022,$18.65
964,Myers Planters Punch,3/6/2022,$58.04,Female,4/23/2022,0.1275506513,3/29/2022,$68.79
965,Coffee - Dark Roast,10/16/2021,$65.49,Female,8/20/2021,0.182612128,6/24/2022,$96.64
966,Chicken - Soup Base,7/5/2022,$58.00,Female,8/7/2021,3.1112520828,2/10/2022,$23.94
967,Passion Fruit,8/29/2021,$63.23,Genderqueer,8/25/2021,0.9243568135,11/20/2021,$44.40
968,Garlic - Peeled,1/21/2022,$3.70,Female,2/28/2022,0.1197835012,9/2/2021,$86.95
969,Sole - Fillet,5/29/2022,$74.42,Male,6/15/2022,1.3745077039,6/2/2022,$55.20
970,Pastrami,9/8/2021,$86.99,Female,7/31/2021,0.1881185351,12/31/2021,$46.42
971,Beets - Golden,12/16/2021,$50.34,Female,12/24/2021,0.1633301733,12/8/2021,$97.39
972,Truffle Cups Green,6/21/2022,$39.00,Genderfluid,6/29/2022,0.2268038563,3/11/2022,$20.60
973,Bread Ww Cluster,3/31/2022,$62.27,Female,10/26/2021,2.0938935644,11/6/2021,$58.02
974,"Basil - Primerba, Paste",4/29/2022,$5.58,Female,1/13/2022,0.3685328586,10/24/2021,$38.82
975,Lumpfish Black,3/16/2022,$24.52,Male,9/29/2021,1.1494690154,4/15/2022,$80.47
976,Tequila - Sauza Silver,5/14/2022,$14.48,Female,9/4/2021,0.3482078598,5/8/2022,$83.86
977,Wild Boar - Tenderloin,1/18/2022,$28.53,Male,11/25/2021,0.1289359117,1/9/2022,$5.90
978,"Mushroom - Chantrelle, Fresh",5/27/2022,$67.14,Female,2/24/2022,0.3691791095,10/3/2021,$98.68
979,Devonshire Cream,6/24/2022,$78.14,Male,7/6/2022,1.8170433248,9/16/2021,$15.74
980,Praline Paste,5/4/2022,$34.64,Female,3/27/2022,0.6362602053,8/6/2021,$24.59
981,Appetizer - Escargot Puff,11/17/2021,$12.34,Genderfluid,11/3/2021,2.1902269523,12/12/2021,$6.96
982,Pate Pans Yellow,4/2/2022,$24.35,Male,10/25/2021,0.4826325159,3/31/2022,$20.22
983,"Wine - Red, Lurton Merlot De",2/25/2022,$32.63,Female,11/24/2021,3.7889771878,3/29/2022,$90.29
984,Liqueur - Melon,12/2/2021,$60.62,Male,11/11/2021,2.2688645367,4/29/2022,$94.72
985,Bandage - Flexible Neon,5/19/2022,$18.41,Male,5/26/2022,1.2883255573,10/3/2021,$98.04
986,Flour - Teff,7/13/2022,$75.59,Male,4/17/2022,0.4592185596,8/20/2021,$98.44
987,"Beef - Roasted, Cooked",8/9/2021,$51.95,Female,2/6/2022,0.7659252772,10/22/2021,$9.92
988,"Crab - Dungeness, Whole, live",1/1/2022,$72.28,Male,10/23/2021,0.158494642,3/19/2022,$30.45
989,"Beef - Baby, Liver",9/10/2021,$90.56,Male,12/22/2021,0.6524628185,3/25/2022,$59.09
990,"Pasta - Cannelloni, Sheets, Fresh",10/3/2021,$69.30,Female,3/30/2022,0.2134078707,12/16/2021,$63.40
991,Wine - Black Tower Qr,10/23/2021,$5.08,Male,10/8/2021,0.1158497013,6/20/2022,$57.69
992,Oil - Safflower,11/7/2021,$15.35,Female,1/16/2022,0.4813052925,2/14/2022,$0.07
993,Ice Cream Bar - Rolo Cone,12/26/2021,$30.64,Polygender,4/22/2022,0.1792465716,12/18/2021,$90.19
994,Salami - Genova,9/13/2021,$89.26,Male,1/17/2022,0.2399711012,5/13/2022,$93.24
995,Lighter - Bbq,11/8/2021,$0.95,Polygender,8/14/2021,0.0238547795,7/29/2021,$45.66
996,"Mushroom - Trumpet, Dry",8/12/2021,$87.67,Female,4/11/2022,1.0001834216,1/13/2022,$6.57
997,Cheese - Brie,8/10/2021,$13.97,Bigender,4/29/2022,1.2153492637,4/16/2022,$63.40
998,Grapefruit - White,1/10/2022,$19.00,Female,5/20/2022,4.5528006756,12/31/2021,$86.36
999,Vol Au Vents,10/30/2021,$65.55,Female,9/25/2021,3.6426294892,3/2/2022,$36.79
1000,Wine - Fume Blanc Fetzer,9/5/2021,$83.80,Male,4/14/2022,2.9699328158,12/4/2021,$41.81
